scenario,algorithm,instance,success,path_length,length_ratio,curvature,max_curvature,drive_time_curved,comp_time,parameter,value
normal_city,APF,0,1,172.9,1.2142,1.0383,2.536,70.1454,0.02756,goal,0
normal_city,RRT*,0,1,148.887,1.0456,0.0457,1.5437,26.4826,0.21274,goal,0
normal_city,RRT*+Bezier,0,1,148.887,1.0456,0.0457,1.5437,26.4826,0.22844,goal,0
normal_city,Hybrid,0,1,166.795,1.1713,0.6309,1.6744,53.6235,0.30782,goal,0
normal_city,Modified,0,1,153.546,1.0783,0.4921,2.363,49.1317,0.11476,goal,0
normal_city,APF,1,1,175.7,1.239,1.061,2.9467,71.8635,0.02875,goal,0
normal_city,RRT*,1,1,149.135,1.0516,0.0537,0.9836,28.4332,0.368,goal,0
normal_city,RRT*+Bezier,1,1,149.135,1.0516,0.0537,0.9836,28.4332,0.38369,goal,0
normal_city,Hybrid,1,1,156.276,1.102,0.5743,1.4363,54.246,0.29195,goal,0
normal_city,Modified,1,1,158.369,1.1168,0.5712,2.6533,50.8735,0.11237,goal,0
normal_city,APF,2,1,175.7,1.239,1.0798,2.4983,69.4201,0.02832,goal,0
normal_city,RRT*,2,1,145.629,1.0269,0.0605,1.113,28.6634,0.71634,goal,0
normal_city,RRT*+Bezier,2,1,145.629,1.0269,0.0605,1.113,28.6634,0.72924,goal,0
normal_city,Hybrid,2,1,163.263,1.1513,0.5871,1.5655,51.6905,0.09988,goal,0
normal_city,Modified,2,1,153.571,1.0829,0.4959,2.2221,47.1569,0.12135,goal,0
normal_city,APF,3,1,181.3,1.2526,1.1528,3.9216,67.5577,0.02588,goal,0
normal_city,RRT*,3,1,154.728,1.069,0.0435,1.2718,27.0065,0.18032,goal,0
normal_city,RRT*+Bezier,3,1,154.728,1.069,0.0435,1.2718,27.0065,0.18731,goal,0
normal_city,Hybrid,3,1,159.822,1.1042,0.5973,1.5549,52.282,0.07862,goal,0
normal_city,Modified,3,1,155.011,1.071,0.4533,3.7959,43.5009,0.11882,goal,0
normal_city,APF,4,1,174.3,1.219,1.0516,2.6502,67.2604,0.02793,goal,0
normal_city,RRT*,4,1,153.49,1.0735,0.0452,0.9577,27.1063,0.14569,goal,0
normal_city,RRT*+Bezier,4,1,153.49,1.0735,0.0452,0.9577,27.1063,0.15664,goal,0
normal_city,Hybrid,4,1,162.299,1.1351,0.5229,1.6773,51.3293,0.29946,goal,0
normal_city,Modified,4,1,157.473,1.1013,0.5772,2.6889,47.1982,0.11281,goal,0
normal_city,APF,5,1,173.6,1.2242,1.0587,2.5685,69.8896,0.02737,goal,0
normal_city,RRT*,5,1,148.234,1.0453,0.0703,1.4316,30.313,0.62885,goal,0
normal_city,RRT*+Bezier,5,1,148.234,1.0453,0.0703,1.4316,30.313,0.67976,goal,0
normal_city,Hybrid,5,1,163.189,1.1507,0.5998,1.5089,55.2958,1.13266,goal,0
normal_city,Modified,5,1,151.215,1.0663,0.4316,2.6031,45.9984,0.17348,goal,0
normal_city,APF,6,0,29.4,0.2082,0.1084,0.5585,6.7413,0.01037,goal,0
normal_city,RRT*,6,1,150.088,1.0628,0.0568,1.1619,29.3707,0.20623,goal,0
normal_city,RRT*+Bezier,6,1,150.088,1.0628,0.0568,1.1619,29.3707,0.23151,goal,0
normal_city,Hybrid,6,1,149.624,1.0595,0.0793,1.2172,31.6795,0.1418,goal,0
normal_city,Modified,6,1,147.317,1.0431,0.0764,1.2399,31.5507,0.31408,goal,0
normal_city,APF,7,1,174.3,1.2342,1.0788,2.7827,73.5382,0.02864,goal,0
normal_city,RRT*,7,1,142.851,1.0115,0.0681,1.4594,29.4162,1.0867,goal,0
normal_city,RRT*+Bezier,7,1,142.851,1.0115,0.0681,1.4594,29.4162,1.31497,goal,0
normal_city,Hybrid,7,1,158.957,1.1256,0.5883,3.3749,55.7795,1.91555,goal,0
normal_city,Modified,7,1,150.046,1.0625,0.3834,1.4786,43.0606,0.18453,goal,0
normal_city,APF,8,1,181.3,1.268,1.1665,3.6558,67.5052,0.03007,goal,0
normal_city,RRT*,8,1,143.865,1.0062,0.0594,0.8288,28.5838,0.70636,goal,0
normal_city,RRT*+Bezier,8,1,143.865,1.0062,0.0594,0.8288,28.5838,0.80199,goal,0
normal_city,Hybrid,8,1,161.161,1.1271,0.5916,1.5262,50.4924,0.34705,goal,0
normal_city,Modified,8,1,150.261,1.0509,0.3262,2.146,40.391,0.26308,goal,0
normal_city,APF,9,0,38.5,0.2704,0.2812,1.9855,11.5265,0.01491,goal,0
normal_city,RRT*,9,1,141.209,0.9917,0.0547,1.2743,25.9904,0.13315,goal,0
normal_city,RRT*+Bezier,9,1,141.209,0.9917,0.0547,1.2743,25.9904,0.15121,goal,0
normal_city,Hybrid,9,1,155.375,1.0911,0.1419,4.2765,34.4214,0.24752,goal,0
normal_city,Modified,9,1,150.499,1.0569,0.0968,2.9113,32.2894,0.9501,goal,0
normal_city,APF,10,1,169.4,1.1799,0.9748,3.0961,58.6044,0.0466,goal,0
normal_city,RRT*,10,1,146.038,1.0172,0.0448,1.4127,25.4101,0.69052,goal,0
normal_city,RRT*+Bezier,10,1,146.038,1.0172,0.0448,1.4127,25.4101,0.74177,goal,0
normal_city,Hybrid,10,1,156.516,1.0902,0.5906,1.7454,51.7041,0.09327,goal,0
normal_city,Modified,10,1,150.657,1.0494,0.4087,2.737,39.7251,0.15059,goal,0
normal_city,APF,11,1,183.4,1.2879,1.2763,5.9013,70.7291,0.04194,goal,0
normal_city,RRT*,11,1,151.167,1.0616,0.0473,1.014,27.9961,1.07232,goal,0
normal_city,RRT*+Bezier,11,1,151.167,1.0616,0.0473,1.014,27.9961,1.06751,goal,0
normal_city,Hybrid,11,1,159.519,1.1202,0.6187,1.8202,58.1536,0.19461,goal,0
normal_city,Modified,11,1,152.911,1.0738,0.4872,5.7362,42.5032,0.36948,goal,0
normal_city,APF,12,0,51.8,0.3668,0.4748,1.0602,15.9363,0.01813,goal,0
normal_city,RRT*,12,1,142.488,1.0089,0.0722,1.2893,30.3423,1.00012,goal,0
normal_city,RRT*+Bezier,12,1,142.488,1.0089,0.0722,1.2893,30.3423,0.97895,goal,0
normal_city,Hybrid,12,1,163.033,1.1544,0.2375,4.1463,44.4828,1.81852,goal,0
normal_city,Modified,12,1,158.565,1.1228,0.1526,2.4303,39.2733,1.05511,goal,0
normal_city,APF,13,1,178.5,1.2433,1.0632,2.0311,72.7401,0.03758,goal,0
normal_city,RRT*,13,1,141.98,0.9889,0.0593,1.2335,27.5204,0.25467,goal,0
normal_city,RRT*+Bezier,13,1,141.98,0.9889,0.0593,1.2335,27.5204,0.26171,goal,0
normal_city,Hybrid,13,1,168.023,1.1703,0.691,1.6685,57.077,0.26942,goal,0
normal_city,Modified,13,1,153.249,1.0674,0.3798,1.8213,43.5522,0.17518,goal,0
normal_city,APF,14,1,173.6,1.2141,1.0443,2.441,71.3547,0.0432,goal,0
normal_city,RRT*,14,1,149.209,1.0435,0.0474,1.1663,26.7083,0.39287,goal,0
normal_city,RRT*+Bezier,14,1,149.209,1.0435,0.0474,1.1663,26.7083,0.41054,goal,0
normal_city,Hybrid,14,1,161.566,1.13,0.6938,1.6685,55.5961,0.10738,goal,0
normal_city,Modified,14,1,154.107,1.0778,0.4723,1.9996,47.9109,0.15388,goal,0
normal_city,APF,15,1,176.4,1.2287,1.1136,2.3345,76.8451,0.03768,goal,0
normal_city,RRT*,15,1,148.673,1.0356,0.0389,1.2205,25.0762,0.4531,goal,0
normal_city,RRT*+Bezier,15,1,148.673,1.0356,0.0389,1.2205,25.0762,0.45543,goal,0
normal_city,Hybrid,15,1,163.289,1.1374,0.7457,1.5003,57.3902,0.37011,goal,0
normal_city,Modified,15,1,154.423,1.0756,0.4696,2.275,48.7662,0.16755,goal,0
normal_city,APF,16,1,170.1,1.1995,1.0041,2.2362,68.8435,0.03744,goal,0
normal_city,RRT*,16,1,153.92,1.0854,0.0403,1.5426,26.3784,0.30144,goal,0
normal_city,RRT*+Bezier,16,1,153.92,1.0854,0.0403,1.5426,26.3784,0.31867,goal,0
normal_city,Hybrid,16,1,156.089,1.1007,0.6352,1.497,54.019,0.0604,goal,0
normal_city,Modified,16,1,149.943,1.0573,0.3776,2.4564,45.6657,0.16452,goal,0
normal_city,APF,17,0,7.7,0.0539,0.1011,0.6641,1.9207,0.00894,goal,0
normal_city,RRT*,17,1,151.173,1.0573,0.0521,1.2529,27.8439,0.62482,goal,0
normal_city,RRT*+Bezier,17,1,151.173,1.0573,0.0521,1.2529,27.8439,0.65652,goal,0
normal_city,Hybrid,17,1,147.924,1.0346,0.0667,1.4228,29.8431,0.50001,goal,0
normal_city,Modified,17,1,153.556,1.0739,0.0925,2.3225,34.3986,0.2932,goal,0
normal_city,APF,18,1,168.0,1.1945,0.9964,2.0913,70.772,0.03426,goal,0
normal_city,RRT*,18,1,146.652,1.0427,0.0465,1.2491,26.1031,0.44581,goal,0
normal_city,RRT*+Bezier,18,1,146.652,1.0427,0.0465,1.2491,26.1031,0.46804,goal,0
normal_city,Hybrid,18,1,155.557,1.1061,0.6407,1.4795,50.4028,0.57575,goal,0
normal_city,Modified,18,1,147.435,1.0483,0.3508,1.7814,40.7229,0.15652,goal,0
normal_city,APF,19,0,2800.0,19.4236,3.2757,6.5118,2056.6365,0.50327,goal,0
normal_city,RRT*,19,1,155.419,1.0781,0.03,0.8064,25.0646,0.18132,goal,0
normal_city,RRT*+Bezier,19,1,155.419,1.0781,0.03,0.8064,25.0646,0.18797,goal,0
normal_city,Hybrid,19,1,160.725,1.1149,0.5764,3.5043,52.4344,0.23706,goal,0
normal_city,Modified,19,1,149.299,1.0357,0.2398,1.347,37.7082,0.19258,goal,0
blocked_road,APF,0,0,2800.0,18.6651,3.6528,8.693,1908.6159,0.50362,goal,0
blocked_road,RRT*,0,1,152.712,1.018,0.0475,1.0155,27.963,0.95081,goal,0
blocked_road,RRT*+Bezier,0,1,152.712,1.018,0.0475,1.0155,27.963,0.982,goal,0
blocked_road,Hybrid,0,1,210.846,1.4055,0.5445,3.5301,62.8386,0.65005,goal,0
blocked_road,Modified,0,1,204.807,1.3653,0.1807,3.432,48.2098,1.10696,goal,0
blocked_road,APF,1,0,2800.0,18.8121,3.5907,9.8548,1963.936,0.51862,goal,0
blocked_road,RRT*,1,1,155.683,1.046,0.0283,1.2611,24.4925,0.90063,goal,0
blocked_road,RRT*+Bezier,1,1,155.683,1.046,0.0283,1.2611,24.4925,0.91374,goal,0
blocked_road,Hybrid,1,1,312.815,2.1017,0.3793,4.5713,83.8956,5.42721,goal,0
blocked_road,Modified,1,1,208.664,1.4019,0.1986,4.6123,51.3689,2.24385,goal,0
blocked_road,APF,2,0,45.5,0.3045,0.3324,0.7512,12.4463,0.01655,goal,0
blocked_road,RRT*,2,1,153.128,1.0248,0.0416,1.2354,26.3574,0.50256,goal,0
blocked_road,RRT*+Bezier,2,1,153.128,1.0248,0.0416,1.2354,26.3574,0.50194,goal,0
blocked_road,Hybrid,2,1,157.753,1.0557,0.1241,0.9628,32.1534,0.71934,goal,0
blocked_road,Modified,2,1,156.137,1.0449,0.0558,1.0011,27.8181,0.52386,goal,0
blocked_road,APF,3,0,2800.0,18.449,3.3897,8.3522,2091.4957,0.49627,goal,0
blocked_road,RRT*,3,1,148.282,0.977,0.036,1.1469,24.957,0.11802,goal,0
blocked_road,RRT*+Bezier,3,1,148.282,0.977,0.036,1.1469,24.957,0.13716,goal,0
blocked_road,Hybrid,3,1,208.606,1.3745,0.4976,4.4874,66.1166,0.10267,goal,0
blocked_road,Modified,3,1,202.72,1.3357,0.2785,5.6121,52.1382,0.25883,goal,0
blocked_road,APF,4,0,2800.0,18.8121,4.0786,10.491,1793.0558,0.51403,goal,0
blocked_road,RRT*,4,1,147.268,0.9894,0.0501,1.2483,26.8025,3.37771,goal,0
blocked_road,RRT*+Bezier,4,1,147.268,0.9894,0.0501,1.2483,26.8025,3.38871,goal,0
blocked_road,Hybrid,4,1,221.91,1.4909,0.4676,3.5054,66.9189,1.0622,goal,0
blocked_road,Modified,4,1,219.713,1.4762,0.2283,6.4415,56.4732,0.60113,goal,0
blocked_road,APF,5,0,2800.0,18.8121,3.8289,9.818,1853.1715,0.51731,goal,0
blocked_road,RRT*,5,1,155.328,1.0436,0.0405,1.3946,26.598,0.62113,goal,0
blocked_road,RRT*+Bezier,5,1,155.328,1.0436,0.0405,1.3946,26.598,0.66322,goal,0
blocked_road,Hybrid,5,1,213.364,1.4335,0.4114,5.1271,60.8572,4.92307,goal,0
blocked_road,Modified,5,1,215.649,1.4489,0.2399,8.117,52.7367,0.81813,goal,0
blocked_road,APF,6,0,2800.0,18.8864,3.2472,7.8224,2201.0221,0.51701,goal,0
blocked_road,RRT*,6,1,151.909,1.0246,0.0377,1.0949,25.782,0.72768,goal,0
blocked_road,RRT*+Bezier,6,1,151.909,1.0246,0.0377,1.0949,25.782,0.71947,goal,0
blocked_road,Hybrid,6,1,195.04,1.3156,0.2294,5.3178,53.1409,1.57286,goal,0
blocked_road,Modified,6,1,164.809,1.1117,0.1512,8.5484,39.5455,2.24483,goal,0
blocked_road,APF,7,1,202.3,1.3645,1.3563,8.8617,80.5203,0.04275,goal,0
blocked_road,RRT*,7,1,153.895,1.038,0.0473,1.1501,27.6511,0.86115,goal,0
blocked_road,RRT*+Bezier,7,1,153.895,1.038,0.0473,1.1501,27.6511,0.87153,goal,0
blocked_road,Hybrid,7,1,164.638,1.1105,0.5253,1.8681,52.5548,0.23233,goal,0
blocked_road,Modified,7,1,177.864,1.1997,0.4708,8.1556,52.1492,0.64987,goal,0
blocked_road,APF,8,0,37.8,0.252,0.1561,0.7555,9.2901,0.01403,goal,0
blocked_road,RRT*,8,1,149.932,0.9995,0.0394,0.7563,26.0238,0.5553,goal,0
blocked_road,RRT*+Bezier,8,1,149.932,0.9995,0.0394,0.7563,26.0238,0.5718,goal,0
blocked_road,Hybrid,8,1,177.141,1.1808,0.111,2.7146,39.4882,1.20443,goal,0
blocked_road,Modified,8,1,157.151,1.0476,0.0564,1.1209,28.6993,0.14604,goal,0
blocked_road,APF,9,0,2800.0,18.8121,4.412,10.472,1715.0691,0.49806,goal,0
blocked_road,RRT*,9,1,151.647,1.0189,0.0401,1.4993,26.3945,0.83625,goal,0
blocked_road,RRT*+Bezier,9,1,151.647,1.0189,0.0401,1.4993,26.3945,0.84189,goal,0
blocked_road,Hybrid,9,1,161.706,1.0864,0.1979,7.365,36.0046,0.94859,goal,0
blocked_road,Modified,9,1,168.04,1.129,0.2021,9.9404,37.4286,1.8168,goal,0
blocked_road,APF,10,0,46.9,0.3102,0.3221,0.8005,13.0722,0.0117,goal,0
blocked_road,RRT*,10,1,188.186,1.2447,0.048,1.2114,34.3292,0.29733,goal,0
blocked_road,RRT*+Bezier,10,1,187.806,1.2422,0.0444,1.1821,32.5697,0.31218,goal,0
blocked_road,Hybrid,10,1,156.641,1.0361,0.1191,0.9269,30.5923,0.21652,goal,0
blocked_road,Modified,10,1,154.17,1.0198,0.0498,0.9346,24.6324,0.3391,goal,0
blocked_road,APF,11,0,46.2,0.3068,0.3716,0.7198,12.5187,0.01443,goal,0
blocked_road,RRT*,11,1,151.047,1.003,0.0492,1.1005,27.2453,0.41076,goal,0
blocked_road,RRT*+Bezier,11,1,151.047,1.003,0.0492,1.1005,27.2453,0.42753,goal,0
blocked_road,Hybrid,11,1,163.643,1.0866,0.1523,3.9851,36.0627,0.35359,goal,0
blocked_road,Modified,11,1,157.381,1.045,0.0805,2.0779,29.1439,0.54044,goal,0
blocked_road,APF,12,0,2800.0,18.7383,3.5396,7.946,1984.7159,0.50966,goal,0
blocked_road,RRT*,12,1,156.825,1.0495,0.0257,1.2631,23.9695,1.26346,goal,0
blocked_road,RRT*+Bezier,12,1,156.825,1.0495,0.0257,1.2631,23.9695,1.25752,goal,0
blocked_road,Hybrid,12,1,203.385,1.3611,0.2873,3.4049,55.8263,1.60075,goal,0
blocked_road,Modified,12,1,198.089,1.3257,0.1446,2.0692,46.7804,0.55087,goal,0
blocked_road,APF,13,1,184.1,1.2369,0.9834,3.9796,69.1144,0.03547,goal,0
blocked_road,RRT*,13,1,148.828,0.9999,0.042,1.0895,25.6401,3.14854,goal,0
blocked_road,RRT*+Bezier,13,1,148.828,0.9999,0.042,1.0895,25.6401,3.15642,goal,0
blocked_road,Hybrid,13,1,164.261,1.1036,0.4688,1.6714,51.7679,0.23581,goal,0
blocked_road,Modified,13,1,161.615,1.0858,0.4222,3.6734,42.0516,0.13662,goal,0
blocked_road,APF,14,0,2800.0,18.1685,3.7776,9.7672,1966.9582,0.50762,goal,0
blocked_road,RRT*,14,1,152.785,0.9914,0.038,1.3218,25.9639,1.05747,goal,0
blocked_road,RRT*+Bezier,14,1,152.785,0.9914,0.038,1.3218,25.9639,1.0725,goal,0
blocked_road,Hybrid,14,1,210.602,1.3665,0.333,8.4162,56.5812,0.27923,goal,0
blocked_road,Modified,14,1,206.812,1.342,0.1986,8.3598,47.5281,0.317,goal,0
blocked_road,APF,15,0,2800.0,18.0997,3.7645,9.4995,1870.7679,0.5001,goal,0
blocked_road,RRT*,15,1,156.12,1.0092,0.0306,1.1149,23.9888,0.90674,goal,0
blocked_road,RRT*+Bezier,15,1,156.12,1.0092,0.0306,1.1149,23.9888,0.93887,goal,0
blocked_road,Hybrid,15,1,213.612,1.3808,0.4819,8.0381,60.4584,1.04424,goal,0
blocked_road,Modified,15,1,247.482,1.5998,0.1551,6.5831,53.1057,1.15053,goal,0
blocked_road,APF,16,0,2800.0,18.5205,4.0515,10.2962,1800.3321,0.51274,goal,0
blocked_road,RRT*,16,1,153.139,1.0129,0.0512,1.1892,29.2011,0.90424,goal,0
blocked_road,RRT*+Bezier,16,1,153.139,1.0129,0.0512,1.1892,29.2011,0.94162,goal,0
blocked_road,Hybrid,16,1,210.557,1.3927,0.3996,2.6802,60.1008,0.72714,goal,0
blocked_road,Modified,16,1,203.393,1.3453,0.2364,6.0365,48.3989,0.16323,goal,0
blocked_road,APF,17,0,46.2,0.308,0.3782,0.7361,12.6264,0.01568,goal,0
blocked_road,RRT*,17,1,154.701,1.0313,0.0517,0.9322,28.6898,0.41277,goal,0
blocked_road,RRT*+Bezier,17,1,154.701,1.0313,0.0517,0.9322,28.6898,0.43181,goal,0
blocked_road,Hybrid,17,1,185.242,1.2348,0.1492,4.5301,38.6188,0.39445,goal,0
blocked_road,Modified,17,1,157.335,1.0488,0.0626,1.0286,29.1162,0.34455,goal,0
blocked_road,APF,18,1,196.0,1.3273,1.2697,6.7848,74.9995,0.03965,goal,0
blocked_road,RRT*,18,1,149.014,1.0091,0.0342,1.175,24.461,0.30239,goal,0
blocked_road,RRT*+Bezier,18,1,149.014,1.0091,0.0342,1.175,24.461,0.32722,goal,0
blocked_road,Hybrid,18,1,167.276,1.1328,0.5145,1.5911,51.813,0.12672,goal,0
blocked_road,Modified,18,1,159.596,1.0808,0.4213,6.5311,44.0248,0.1567,goal,0
blocked_road,APF,19,0,2800.0,18.449,4.0496,10.386,1836.6622,0.48437,goal,0
blocked_road,RRT*,19,1,154.415,1.0174,0.0302,1.3027,24.4027,0.11471,goal,0
blocked_road,RRT*+Bezier,19,1,154.415,1.0174,0.0302,1.3027,24.4027,0.1233,goal,0
blocked_road,Hybrid,19,1,209.925,1.3832,0.4294,4.5126,60.7975,0.23145,goal,0
blocked_road,Modified,19,1,204.255,1.3458,0.2657,6.0647,47.624,0.65286,goal,0
normal_city,APF,0,1,175.7,1.2375,1.103,2.4439,73.9379,0.03944,goal,1
normal_city,RRT*,0,1,147.909,1.0417,0.046,1.5556,26.3754,0.30274,goal,1
normal_city,RRT*+Bezier,0,1,147.909,1.0417,0.046,1.5556,26.3754,0.32435,goal,1
normal_city,Hybrid,0,1,160.735,1.1321,0.6716,1.6889,58.6584,0.9679,goal,1
normal_city,Modified,0,1,150.442,1.0596,0.3656,2.2033,44.4162,0.18547,goal,1
normal_city,APF,1,1,177.1,1.2577,1.0713,3.3413,68.2133,0.03929,goal,1
normal_city,RRT*,1,1,148.241,1.0528,0.0537,1.0368,28.2993,0.51826,goal,1
normal_city,RRT*+Bezier,1,1,148.241,1.0528,0.0537,1.0368,28.2993,0.5261,goal,1
normal_city,Hybrid,1,1,155.406,1.1036,0.5472,1.8917,52.312,0.17593,goal,1
normal_city,Modified,1,1,159.276,1.1311,0.6053,3.0624,48.7576,0.15964,goal,1
normal_city,APF,2,1,175.0,1.2428,1.1158,2.8588,70.3096,0.03884,goal,1
normal_city,RRT*,2,1,144.447,1.0258,0.0626,1.2002,28.6809,0.96531,goal,1
normal_city,RRT*+Bezier,2,1,144.447,1.0258,0.0626,1.2002,28.6809,1.01295,goal,1
normal_city,Hybrid,2,1,157.733,1.1202,0.6147,3.2643,55.2703,2.12222,goal,1
normal_city,Modified,2,1,153.253,1.0884,0.4782,3.3136,43.8255,0.16715,goal,1
normal_city,APF,3,1,182.7,1.271,1.2066,4.4751,68.1822,0.03542,goal,1
normal_city,RRT*,3,1,154.421,1.0743,0.0428,1.3413,26.6886,0.2408,goal,1
normal_city,RRT*+Bezier,3,1,154.421,1.0743,0.0428,1.3413,26.6886,0.26184,goal,1
normal_city,Hybrid,3,1,162.804,1.1326,0.596,1.6263,53.8025,0.13132,goal,1
normal_city,Modified,3,1,157.838,1.0981,0.4025,2.8915,45.0641,0.25571,goal,1
normal_city,APF,4,1,178.5,1.252,1.1226,4.2543,68.8736,0.03803,goal,1
normal_city,RRT*,4,1,152.805,1.0718,0.0451,1.4386,27.0162,0.19416,goal,1
normal_city,RRT*+Bezier,4,1,152.805,1.0718,0.0451,1.4386,27.0162,0.2249,goal,1
normal_city,Hybrid,4,1,162.057,1.1367,0.5311,1.3299,50.9633,0.41973,goal,1
normal_city,Modified,4,1,159.383,1.1179,0.6152,3.9804,46.4283,0.16008,goal,1
normal_city,APF,5,1,177.1,1.2577,1.1345,3.2081,74.2637,0.03901,goal,1
normal_city,RRT*,5,1,147.857,1.05,0.0415,1.3036,25.68,0.39184,goal,1
normal_city,RRT*+Bezier,5,1,147.857,1.05,0.0415,1.3036,25.68,0.41056,goal,1
normal_city,Hybrid,5,1,168.456,1.1963,0.5878,2.034,58.205,0.6225,goal,1
normal_city,Modified,5,1,151.623,1.0768,0.4383,2.8413,44.8947,0.17352,goal,1
normal_city,APF,6,0,29.4,0.2088,0.1093,0.5632,6.776,0.01496,goal,1
normal_city,RRT*,6,1,148.175,1.0523,0.0477,1.2022,27.388,0.41007,goal,1
normal_city,RRT*+Bezier,6,1,148.175,1.0523,0.0477,1.2022,27.388,0.43357,goal,1
normal_city,Hybrid,6,1,148.492,1.0545,0.0799,1.3452,31.7164,0.20087,goal,1
normal_city,Modified,6,1,145.826,1.0356,0.0769,1.2789,31.3788,0.42364,goal,1
normal_city,APF,7,1,177.8,1.2627,1.1562,3.5215,74.6543,0.04264,goal,1
normal_city,RRT*,7,1,149.094,1.0588,0.0436,1.3449,25.659,0.4005,goal,1
normal_city,RRT*+Bezier,7,1,149.094,1.0588,0.0436,1.3449,25.659,0.40998,goal,1
normal_city,Hybrid,7,1,193.6,1.3749,0.5101,2.9625,62.2588,0.55071,goal,1
normal_city,Modified,7,1,152.348,1.0819,0.4722,3.7787,45.9952,0.27833,goal,1
normal_city,APF,8,1,183.4,1.2864,1.2025,4.3131,70.9257,0.04237,goal,1
normal_city,RRT*,8,1,142.655,1.0006,0.0538,1.0592,27.6608,0.70822,goal,1
normal_city,RRT*+Bezier,8,1,142.655,1.0006,0.0538,1.0592,27.6608,0.87963,goal,1
normal_city,Hybrid,8,1,162.485,1.1397,0.5734,1.3339,51.5608,0.52263,goal,1
normal_city,Modified,8,1,193.765,1.3591,0.323,6.0915,53.8603,0.49131,goal,1
normal_city,APF,9,0,37.8,0.2662,0.2593,0.7689,10.2048,0.01417,goal,1
normal_city,RRT*,9,1,141.328,0.9954,0.056,1.225,26.4254,0.14728,goal,1
normal_city,RRT*+Bezier,9,1,141.328,0.9954,0.056,1.225,26.4254,0.16036,goal,1
normal_city,Hybrid,9,1,152.539,1.0743,0.1351,2.0277,36.1829,0.25443,goal,1
normal_city,Modified,9,1,148.228,1.044,0.0801,1.3016,30.6104,2.05567,goal,1
normal_city,APF,10,1,169.4,1.1833,0.9964,3.3271,62.1627,0.03505,goal,1
normal_city,RRT*,10,1,145.69,1.0177,0.0445,1.1395,25.3039,0.74996,goal,1
normal_city,RRT*+Bezier,10,1,145.69,1.0177,0.0445,1.1395,25.3039,0.80201,goal,1
normal_city,Hybrid,10,1,155.595,1.0869,0.5783,1.4495,48.7885,0.10654,goal,1
normal_city,Modified,10,1,152.05,1.0621,0.4629,3.1554,40.1171,0.14007,goal,1
normal_city,APF,11,1,184.8,1.3016,1.2698,6.0017,78.0522,0.04461,goal,1
normal_city,RRT*,11,1,149.815,1.0552,0.0494,1.0871,27.893,1.16604,goal,1
normal_city,RRT*+Bezier,11,1,149.815,1.0552,0.0494,1.0871,27.893,1.06062,goal,1
normal_city,Hybrid,11,1,160.362,1.1294,0.6132,1.9324,54.6573,0.20051,goal,1
normal_city,Modified,11,1,151.762,1.0689,0.4538,5.7435,45.4371,0.3774,goal,1
normal_city,APF,12,0,2800.0,19.8848,4.4127,10.472,1718.0022,0.52448,goal,1
normal_city,RRT*,12,1,141.511,1.005,0.0724,1.1701,30.0556,0.96098,goal,1
normal_city,RRT*+Bezier,12,1,141.511,1.005,0.0724,1.1701,30.0556,0.97503,goal,1
normal_city,Hybrid,12,1,160.013,1.1364,0.2396,3.3867,44.1646,0.62115,goal,1
normal_city,Modified,12,1,161.553,1.1473,0.2408,10.4322,39.1253,0.4778,goal,1
normal_city,APF,13,1,179.2,1.2518,1.0704,2.1,78.6886,0.03806,goal,1
normal_city,RRT*,13,1,142.244,0.9936,0.0624,1.0988,28.1387,0.24733,goal,1
normal_city,RRT*+Bezier,13,1,142.244,0.9936,0.0624,1.0988,28.1387,0.26527,goal,1
normal_city,Hybrid,13,1,168.898,1.1798,0.6921,1.7221,59.9078,0.43212,goal,1
normal_city,Modified,13,1,154.808,1.0814,0.4357,1.8712,46.7936,0.17441,goal,1
normal_city,APF,14,1,172.2,1.2128,1.0393,2.2146,71.5591,0.03758,goal,1
normal_city,RRT*,14,1,148.34,1.0448,0.0477,1.1765,26.6068,0.38352,goal,1
normal_city,RRT*+Bezier,14,1,148.34,1.0448,0.0477,1.1765,26.6068,0.41233,goal,1
normal_city,Hybrid,14,1,160.9,1.1332,0.6617,1.7698,56.9883,0.10487,goal,1
normal_city,Modified,14,1,149.26,1.0513,0.3549,1.6253,44.362,0.16679,goal,1
normal_city,APF,15,1,174.3,1.2226,1.0973,2.298,71.3762,0.0369,goal,1
normal_city,RRT*,15,1,146.404,1.0269,0.0362,0.9736,23.9544,0.40781,goal,1
normal_city,RRT*+Bezier,15,1,146.404,1.0269,0.0362,0.9736,23.9544,0.42029,goal,1
normal_city,Hybrid,15,1,159.992,1.1222,0.7034,1.6569,56.6568,0.16862,goal,1
normal_city,Modified,15,1,150.79,1.0577,0.4144,1.6217,46.4166,0.17111,goal,1
normal_city,APF,16,1,168.7,1.1931,0.9981,2.4159,68.1777,0.03578,goal,1
normal_city,RRT*,16,1,152.981,1.0819,0.0405,1.55,26.2365,0.30675,goal,1
normal_city,RRT*+Bezier,16,1,152.981,1.0819,0.0405,1.55,26.2365,0.32415,goal,1
normal_city,Hybrid,16,1,156.14,1.1043,0.618,1.4976,54.5693,0.17112,goal,1
normal_city,Modified,16,1,147.59,1.0438,0.3561,1.6973,43.4309,0.16435,goal,1
normal_city,APF,17,0,7.7,0.0542,0.1048,0.6788,1.9247,0.00835,goal,1
normal_city,RRT*,17,1,151.188,1.0648,0.0563,1.2499,28.6565,0.63174,goal,1
normal_city,RRT*+Bezier,17,1,151.188,1.0648,0.0563,1.2499,28.6565,0.65021,goal,1
normal_city,Hybrid,17,1,149.483,1.0528,0.0697,1.1911,30.6354,0.58023,goal,1
normal_city,Modified,17,1,150.6,1.0607,0.0913,2.2736,33.0324,0.27513,goal,1
normal_city,APF,18,1,168.0,1.2031,0.9975,2.1645,68.4413,0.03533,goal,1
normal_city,RRT*,18,1,145.727,1.0436,0.0471,1.2704,26.0127,0.44431,goal,1
normal_city,RRT*+Bezier,18,1,145.727,1.0436,0.0471,1.2704,26.0127,0.47293,goal,1
normal_city,Hybrid,18,1,153.391,1.0985,0.6184,1.6084,50.941,0.58747,goal,1
normal_city,Modified,18,1,149.044,1.0673,0.4196,1.8452,43.6882,0.14835,goal,1
normal_city,APF,19,0,2800.0,19.4796,3.2145,7.7019,2124.186,0.50533,goal,1
normal_city,RRT*,19,1,154.461,1.0746,0.03,0.7674,24.9149,0.17631,goal,1
normal_city,RRT*+Bezier,19,1,154.461,1.0746,0.03,0.7674,24.9149,0.19176,goal,1
normal_city,Hybrid,19,1,211.085,1.4685,0.4404,2.5888,62.5786,0.26153,goal,1
normal_city,Modified,19,1,154.539,1.0751,0.2918,11.6428,40.726,0.24284,goal,1
blocked_road,APF,0,0,2800.0,18.7904,3.6542,8.8501,1949.1321,0.49726,goal,1
blocked_road,RRT*,0,1,151.586,1.0173,0.0481,0.9886,27.8717,0.93461,goal,1
blocked_road,RRT*+Bezier,0,1,151.586,1.0173,0.0481,0.9886,27.8717,0.95846,goal,1
blocked_road,Hybrid,0,1,211.207,1.4174,0.6249,2.9635,65.2068,0.59171,goal,1
blocked_road,Modified,0,1,200.596,1.3462,0.2725,5.7702,47.1343,0.69755,goal,1
blocked_road,APF,1,0,2800.0,18.9393,3.594,9.8546,1965.2161,0.50903,goal,1
blocked_road,RRT*,1,1,155.55,1.0521,0.0269,1.24,24.3781,1.34401,goal,1
blocked_road,RRT*+Bezier,1,1,155.55,1.0521,0.0269,1.24,24.3781,1.36608,goal,1
blocked_road,Hybrid,1,1,228.979,1.5488,0.5261,3.7679,68.9696,0.66184,goal,1
blocked_road,Modified,1,1,207.092,1.4008,0.2277,2.8714,53.5428,2.22171,goal,1
blocked_road,APF,2,0,22.4,0.1515,0.0423,0.4107,3.6841,0.01261,goal,1
blocked_road,RRT*,2,1,152.739,1.0331,0.046,1.0655,27.2172,0.69247,goal,1
blocked_road,RRT*+Bezier,2,1,152.739,1.0331,0.046,1.0655,27.2172,0.70769,goal,1
blocked_road,Hybrid,2,1,183.117,1.2386,0.1272,3.238,39.29,0.39887,goal,1
blocked_road,Modified,2,1,183.573,1.2417,0.1745,2.805,40.3069,0.39872,goal,1
blocked_road,APF,3,0,49.0,0.325,0.4476,0.9872,13.1971,0.01399,goal,1
blocked_road,RRT*,3,1,157.873,1.0471,0.0206,1.1135,23.4124,1.90362,goal,1
blocked_road,RRT*+Bezier,3,1,156.638,1.0389,0.0179,1.1742,21.9193,1.91031,goal,1
blocked_road,Hybrid,3,1,163.503,1.0845,0.1894,5.3708,36.2067,0.91879,goal,1
blocked_road,Modified,3,1,162.228,1.076,0.0939,1.3089,31.4245,0.22165,goal,1
blocked_road,APF,4,0,2800.0,18.9393,4.0825,10.4891,1792.5961,0.50744,goal,1
blocked_road,RRT*,4,1,146.571,0.9914,0.0484,1.3246,26.5476,1.77184,goal,1
blocked_road,RRT*+Bezier,4,1,146.571,0.9914,0.0484,1.3246,26.5476,1.7622,goal,1
blocked_road,Hybrid,4,1,222.822,1.5072,0.4848,3.5982,67.6578,1.38718,goal,1
blocked_road,Modified,4,1,299.831,2.0281,0.1549,4.5255,65.4904,2.80975,goal,1
blocked_road,APF,5,0,2800.0,18.9393,3.8346,9.8222,1852.9986,0.50066,goal,1
blocked_road,RRT*,5,1,155.575,1.0523,0.0413,1.5193,26.5486,0.872,goal,1
blocked_road,RRT*+Bezier,5,1,155.575,1.0523,0.0413,1.5193,26.5486,0.88812,goal,1
blocked_road,Hybrid,5,1,216.466,1.4642,0.4095,5.5311,64.4891,1.13775,goal,1
blocked_road,Modified,5,1,212.464,1.4371,0.2213,5.3251,49.7792,0.72399,goal,1
blocked_road,APF,6,0,2800.0,18.9393,3.1863,7.4416,2274.1611,0.50793,goal,1
blocked_road,RRT*,6,1,150.889,1.0206,0.0378,1.0972,25.6534,0.70248,goal,1
blocked_road,RRT*+Bezier,6,1,150.889,1.0206,0.0378,1.0972,25.6534,0.71549,goal,1
blocked_road,Hybrid,6,1,188.281,1.2735,0.233,4.1992,47.1829,1.49153,goal,1
blocked_road,Modified,6,1,167.294,1.1316,0.1369,3.3082,38.6329,5.54797,goal,1
blocked_road,APF,7,1,182.0,1.2311,1.0018,3.5412,77.9347,0.03916,goal,1
blocked_road,RRT*,7,1,155.01,1.0485,0.0504,1.1505,28.6577,0.82896,goal,1
blocked_road,RRT*+Bezier,7,1,155.01,1.0485,0.0504,1.1505,28.6577,0.85217,goal,1
blocked_road,Hybrid,7,1,166.49,1.1261,0.5082,1.704,51.3434,0.12955,goal,1
blocked_road,Modified,7,1,160.752,1.0873,0.4942,3.868,50.5832,0.14786,goal,1
blocked_road,APF,8,0,36.4,0.2443,0.1381,0.7388,7.6543,0.01161,goal,1
blocked_road,RRT*,8,1,148.171,0.9944,0.0415,0.7466,25.9444,0.30477,goal,1
blocked_road,RRT*+Bezier,8,1,148.171,0.9944,0.0415,0.7466,25.9444,0.30956,goal,1
blocked_road,Hybrid,8,1,178.347,1.1969,0.1204,4.4223,39.3543,1.30341,goal,1
blocked_road,Modified,8,1,172.23,1.1558,0.0989,3.263,37.1252,0.30756,goal,1
blocked_road,APF,9,0,2800.0,18.9393,4.4132,10.472,1716.7453,0.51815,goal,1
blocked_road,RRT*,9,1,150.448,1.0176,0.0453,0.9788,27.1329,1.99382,goal,1
blocked_road,RRT*+Bezier,9,1,150.448,1.0176,0.0453,0.9788,27.1329,2.01681,goal,1
blocked_road,Hybrid,9,1,162.112,1.0965,0.1849,5.5522,38.9143,0.27002,goal,1
blocked_road,Modified,9,1,163.909,1.1087,0.2107,9.723,34.4632,0.60568,goal,1
blocked_road,APF,10,0,47.6,0.3169,0.4123,0.9092,13.2645,0.01358,goal,1
blocked_road,RRT*,10,1,150.363,1.0012,0.0346,1.1502,24.1639,0.32386,goal,1
blocked_road,RRT*+Bezier,10,1,150.363,1.0012,0.0346,1.1502,24.1639,0.3125,goal,1
blocked_road,Hybrid,10,1,161.903,1.078,0.157,3.1711,34.393,0.81969,goal,1
blocked_road,Modified,10,1,188.185,1.253,0.0801,3.1264,32.5763,0.74722,goal,1
blocked_road,APF,11,0,45.5,0.3041,0.33,0.7388,11.8545,0.01475,goal,1
blocked_road,RRT*,11,1,154.403,1.0321,0.0235,0.918,23.1675,1.33954,goal,1
blocked_road,RRT*+Bezier,11,1,154.403,1.0321,0.0235,0.918,23.1675,1.32947,goal,1
blocked_road,Hybrid,11,1,161.462,1.0793,0.1382,1.71,34.9801,1.19525,goal,1
blocked_road,Modified,11,1,185.832,1.2422,0.0748,3.5317,34.9404,1.76299,goal,1
blocked_road,APF,12,0,2800.0,18.8646,3.3655,7.9215,2046.9991,0.51095,goal,1
blocked_road,RRT*,12,1,147.402,0.9931,0.0438,1.3032,25.5645,0.96821,goal,1
blocked_road,RRT*+Bezier,12,1,147.402,0.9931,0.0438,1.3032,25.5645,0.96647,goal,1
blocked_road,Hybrid,12,1,203.374,1.3702,0.3034,3.3634,59.2888,1.5826,goal,1
blocked_road,Modified,12,1,205.64,1.3855,0.1317,4.0447,44.1166,1.01186,goal,1
blocked_road,APF,13,1,187.6,1.2689,1.0491,4.0548,67.3026,0.03573,goal,1
blocked_road,RRT*,13,1,148.441,1.0041,0.0395,0.8644,25.3783,1.2345,goal,1
blocked_road,RRT*+Bezier,13,1,148.441,1.0041,0.0395,0.8644,25.3783,1.25688,goal,1
blocked_road,Hybrid,13,1,165.103,1.1168,0.4296,2.316,52.5721,0.41775,goal,1
blocked_road,Modified,13,1,167.364,1.1321,0.4438,3.6979,47.0128,0.18176,goal,1
blocked_road,APF,14,0,2800.0,18.2872,3.4771,9.3479,2101.0858,0.53597,goal,1
blocked_road,RRT*,14,1,152.974,0.9991,0.0429,1.1488,27.001,0.51073,goal,1
blocked_road,RRT*+Bezier,14,1,152.617,0.9968,0.039,0.953,25.2718,0.51265,goal,1
blocked_road,Hybrid,14,1,214.068,1.3981,0.3163,3.778,57.2273,0.52267,goal,1
blocked_road,Modified,14,1,202.123,1.3201,0.2141,7.2946,48.1855,0.28046,goal,1
blocked_road,APF,15,0,2800.0,18.2175,3.7557,9.5026,1872.145,0.50169,goal,1
blocked_road,RRT*,15,1,155.137,1.0094,0.0323,1.1316,24.2351,0.91782,goal,1
blocked_road,RRT*+Bezier,15,1,155.137,1.0094,0.0323,1.1316,24.2351,0.9367,goal,1
blocked_road,Hybrid,15,1,215.407,1.4015,0.5296,3.9182,64.61,0.95851,goal,1
blocked_road,Modified,15,1,205.189,1.335,0.2221,6.2131,49.8632,0.46661,goal,1
blocked_road,APF,16,0,2800.0,18.6438,4.0706,10.373,1800.7001,0.51898,goal,1
blocked_road,RRT*,16,1,152.012,1.0122,0.0498,1.1579,28.6442,0.9043,goal,1
blocked_road,RRT*+Bezier,16,1,152.012,1.0122,0.0498,1.1579,28.6442,0.90036,goal,1
blocked_road,Hybrid,16,1,208.108,1.3857,0.4205,5.3936,59.2759,0.64379,goal,1
blocked_road,Modified,16,1,200.612,1.3358,0.2502,5.3348,48.8124,0.23881,goal,1
blocked_road,APF,17,0,45.5,0.3053,0.33,0.7388,11.8545,0.01521,goal,1
blocked_road,RRT*,17,1,153.334,1.029,0.0462,1.2083,27.267,0.39515,goal,1
blocked_road,RRT*+Bezier,17,1,153.334,1.029,0.0462,1.2083,27.267,0.43014,goal,1
blocked_road,Hybrid,17,1,185.735,1.2464,0.1461,3.8732,39.9265,0.37703,goal,1
blocked_road,Modified,17,1,157.145,1.0546,0.0774,2.0361,29.4706,0.26293,goal,1
blocked_road,APF,18,1,200.9,1.3698,1.3416,7.3153,80.0766,0.04012,goal,1
blocked_road,RRT*,18,1,148.072,1.0096,0.0346,1.1583,24.3999,0.29207,goal,1
blocked_road,RRT*+Bezier,18,1,148.072,1.0096,0.0346,1.1583,24.3999,0.31379,goal,1
blocked_road,Hybrid,18,1,162.107,1.1053,0.5125,1.602,51.5086,0.1202,goal,1
blocked_road,Modified,18,1,160.517,1.0944,0.452,7.4232,47.1788,0.18173,goal,1
blocked_road,APF,19,0,102.9,0.6825,0.8732,3.7314,41.9113,0.02372,goal,1
blocked_road,RRT*,19,1,152.294,1.0101,0.0261,1.3125,23.5088,0.1445,goal,1
blocked_road,RRT*+Bezier,19,1,152.294,1.0101,0.0261,1.3125,23.5088,0.14291,goal,1
blocked_road,Hybrid,19,1,208.58,1.3834,0.4283,2.5562,59.8688,0.2613,goal,1
blocked_road,Modified,19,1,198.783,1.3185,0.165,2.1394,44.5926,0.39396,goal,1
normal_city,APF,0,1,175.7,1.2463,1.1211,2.8052,73.4163,0.04843,goal,2
normal_city,RRT*,0,1,146.933,1.0422,0.0463,1.5672,26.2673,0.2933,goal,2
normal_city,RRT*+Bezier,0,1,146.933,1.0422,0.0463,1.5672,26.2673,0.31971,goal,2
normal_city,Hybrid,0,1,158.435,1.1238,0.6422,1.6328,56.9371,0.23648,goal,2
normal_city,Modified,0,1,149.814,1.0626,0.3963,2.5841,42.7504,0.18504,goal,2
normal_city,APF,1,1,180.6,1.2917,1.189,4.003,71.0541,0.04193,goal,2
normal_city,RRT*,1,1,147.368,1.0541,0.0538,1.0906,28.0795,0.52101,goal,2
normal_city,RRT*+Bezier,1,1,147.368,1.0541,0.0538,1.0906,28.0795,0.53878,goal,2
normal_city,Hybrid,1,1,154.318,1.1038,0.5692,1.9406,51.8181,0.41031,goal,2
normal_city,Modified,1,1,150.697,1.0779,0.3994,1.9272,45.9812,0.20421,goal,2
normal_city,APF,2,1,182.0,1.3018,1.228,3.8704,70.2925,0.04406,goal,2
normal_city,RRT*,2,1,143.328,1.0252,0.0647,1.1901,28.7455,0.98565,goal,2
normal_city,RRT*+Bezier,2,1,143.328,1.0252,0.0647,1.1901,28.7455,1.01696,goal,2
normal_city,Hybrid,2,1,162.639,1.1633,0.5846,3.9068,54.6837,9.54673,goal,2
normal_city,Modified,2,1,155.13,1.1096,0.5029,4.0096,46.0745,0.17791,goal,2
normal_city,APF,3,1,185.5,1.2996,1.2522,4.8776,68.9357,0.04376,goal,2
normal_city,RRT*,3,1,153.462,1.0751,0.0414,1.4115,26.2345,0.24171,goal,2
normal_city,RRT*+Bezier,3,1,153.462,1.0751,0.0414,1.4115,26.2345,0.25567,goal,2
normal_city,Hybrid,3,1,159.08,1.1145,0.5931,1.9079,53.4385,0.10885,goal,2
normal_city,Modified,3,1,156.28,1.0949,0.4441,2.985,42.6836,0.18323,goal,2
normal_city,APF,4,1,182.0,1.2803,1.202,6.6674,71.0199,0.03973,goal,2
normal_city,RRT*,4,1,152.149,1.0703,0.0449,1.2758,26.8002,0.21479,goal,2
normal_city,RRT*+Bezier,4,1,152.149,1.0703,0.0449,1.2758,26.8002,0.22231,goal,2
normal_city,Hybrid,4,1,170.83,1.2017,0.5228,2.8201,53.3394,0.55036,goal,2
normal_city,Modified,4,1,164.235,1.1553,0.7425,5.8769,50.7408,0.15229,goal,2
normal_city,APF,5,1,179.9,1.2867,1.1755,3.8083,75.6953,0.04717,goal,2
normal_city,RRT*,5,1,151.203,1.0815,0.0553,1.5747,28.4724,0.56349,goal,2
normal_city,RRT*+Bezier,5,1,151.203,1.0815,0.0553,1.5747,28.4724,0.59581,goal,2
normal_city,Hybrid,5,1,162.854,1.1648,0.5933,2.0636,56.5975,0.81375,goal,2
normal_city,Modified,5,1,153.311,1.0966,0.4931,3.7496,46.1218,0.17241,goal,2
normal_city,APF,6,0,29.4,0.2103,0.1379,0.568,6.3384,0.01598,goal,2
normal_city,RRT*,6,1,147.158,1.0525,0.048,1.1967,27.262,0.40761,goal,2
normal_city,RRT*+Bezier,6,1,147.158,1.0525,0.048,1.1967,27.262,0.45841,goal,2
normal_city,Hybrid,6,1,147.191,1.0528,0.0834,0.8775,29.8514,1.03976,goal,2
normal_city,Modified,6,1,151.824,1.0859,0.0773,1.2057,30.5391,0.61675,goal,2
normal_city,APF,7,1,181.3,1.2967,1.2069,3.9922,72.7474,0.04135,goal,2
normal_city,RRT*,7,1,143.766,1.0283,0.0576,1.312,28.3236,1.54476,goal,2
normal_city,RRT*+Bezier,7,1,143.766,1.0283,0.0576,1.312,28.3236,1.55079,goal,2
normal_city,Hybrid,7,1,155.974,1.1156,0.5537,1.5131,50.1807,0.62784,goal,2
normal_city,Modified,7,1,150.872,1.0791,0.3878,1.9604,44.0166,0.22528,goal,2
normal_city,APF,8,1,186.2,1.3098,1.2584,4.7576,71.9636,0.03976,goal,2
normal_city,RRT*,8,1,143.18,1.0072,0.0548,0.8015,27.6521,0.71995,goal,2
normal_city,RRT*+Bezier,8,1,143.18,1.0072,0.0548,0.8015,27.6521,0.73985,goal,2
normal_city,Hybrid,8,1,160.628,1.13,0.5868,1.8863,53.4409,0.28221,goal,2
normal_city,Modified,8,1,187.316,1.3177,0.2633,3.7134,49.43,0.47088,goal,2
normal_city,APF,9,0,37.8,0.267,0.2604,0.7724,10.7361,0.01782,goal,2
normal_city,RRT*,9,1,141.965,1.0028,0.0589,1.3585,26.9947,0.14527,goal,2
normal_city,RRT*+Bezier,9,1,141.965,1.0028,0.0589,1.3585,26.9947,0.16511,goal,2
normal_city,Hybrid,9,1,151.88,1.0728,0.1365,2.0704,36.2894,0.2282,goal,2
normal_city,Modified,9,1,152.652,1.0783,0.0897,1.879,32.7444,0.5188,goal,2
normal_city,APF,10,1,172.2,1.2114,1.0459,3.1832,63.5223,0.03505,goal,2
normal_city,RRT*,10,1,145.376,1.0227,0.0443,1.2834,25.351,0.70042,goal,2
normal_city,RRT*+Bezier,10,1,145.376,1.0227,0.0443,1.2834,25.351,0.68949,goal,2
normal_city,Hybrid,10,1,155.74,1.0956,0.582,1.8963,49.9108,0.10142,goal,2
normal_city,Modified,10,1,148.141,1.0421,0.3546,2.0027,39.2234,0.18075,goal,2
normal_city,APF,11,1,187.6,1.3252,1.3337,6.0771,79.6972,0.04296,goal,2
normal_city,RRT*,11,1,155.015,1.095,0.0412,1.1135,26.9072,1.87052,goal,2
normal_city,RRT*+Bezier,11,1,155.015,1.095,0.0412,1.1135,26.9072,1.90287,goal,2
normal_city,Hybrid,11,1,160.307,1.1324,0.576,1.3838,54.3106,0.17034,goal,2
normal_city,Modified,11,1,157.951,1.1157,0.6145,5.6143,48.6548,0.38677,goal,2
normal_city,APF,12,0,2800.0,19.9435,3.6082,9.6504,1935.8508,0.50661,goal,2
normal_city,RRT*,12,1,140.599,1.0014,0.0727,1.1835,29.8646,0.99843,goal,2
normal_city,RRT*+Bezier,12,1,140.599,1.0014,0.0727,1.1835,29.8646,1.04277,goal,2
normal_city,Hybrid,12,1,151.454,1.0788,0.2703,3.9493,44.0441,1.55842,goal,2
normal_city,Modified,12,1,157.948,1.125,0.1897,5.4205,40.2915,0.62941,goal,2
normal_city,APF,13,0,93.8,0.6571,0.6739,1.158,33.2249,0.02422,goal,2
normal_city,RRT*,13,1,142.316,0.997,0.062,1.0938,27.814,0.24462,goal,2
normal_city,RRT*+Bezier,13,1,142.316,0.997,0.062,1.0938,27.814,0.26578,goal,2
normal_city,Hybrid,13,1,155.302,1.088,0.4332,1.3147,46.298,0.47689,goal,2
normal_city,Modified,13,1,148.5,1.0404,0.1399,0.8193,31.5062,0.29367,goal,2
normal_city,APF,14,1,171.5,1.2114,1.0518,2.7237,71.4044,0.03656,goal,2
normal_city,RRT*,14,1,147.326,1.0407,0.048,1.1752,26.5,0.37071,goal,2
normal_city,RRT*+Bezier,14,1,147.326,1.0407,0.048,1.1752,26.5,0.38338,goal,2
normal_city,Hybrid,14,1,156.457,1.1052,0.6605,1.6436,53.8056,0.09981,goal,2
normal_city,Modified,14,1,147.498,1.0419,0.3348,1.3646,42.3901,0.1716,goal,2
normal_city,APF,15,1,175.0,1.2362,1.1242,2.6342,76.0952,0.03694,goal,2
normal_city,RRT*,15,1,145.859,1.0303,0.0354,1.1798,23.8536,0.40357,goal,2
normal_city,RRT*+Bezier,15,1,145.859,1.0303,0.0354,1.1798,23.8536,0.42253,goal,2
normal_city,Hybrid,15,1,159.933,1.1297,0.7123,1.6777,57.5247,0.1876,goal,2
normal_city,Modified,15,1,151.267,1.0685,0.4338,2.4427,45.2873,0.17271,goal,2
normal_city,APF,16,1,168.0,1.1916,1.0042,2.7103,65.2864,0.03686,goal,2
normal_city,RRT*,16,1,152.044,1.0785,0.0407,1.5572,26.1294,0.29238,goal,2
normal_city,RRT*+Bezier,16,1,152.044,1.0785,0.0407,1.5572,26.1294,0.32095,goal,2
normal_city,Hybrid,16,1,155.147,1.1005,0.6295,1.655,54.963,0.10154,goal,2
normal_city,Modified,16,1,150.335,1.0663,0.4727,2.5785,43.566,0.16003,goal,2
normal_city,APF,17,0,7.7,0.0544,0.106,0.6857,1.9297,0.00851,goal,2
normal_city,RRT*,17,1,150.457,1.0628,0.0569,1.2563,28.688,0.62758,goal,2
normal_city,RRT*+Bezier,17,1,150.457,1.0628,0.0569,1.2563,28.688,0.64276,goal,2
normal_city,Hybrid,17,1,149.261,1.0543,0.0699,1.1389,30.5586,0.60352,goal,2
normal_city,Modified,17,1,150.755,1.0649,0.0929,2.2227,33.0552,0.32762,goal,2
normal_city,APF,18,1,167.3,1.2016,0.9692,2.0831,69.9532,0.0338,goal,2
normal_city,RRT*,18,1,144.13,1.0352,0.0386,1.1876,24.3408,0.21762,goal,2
normal_city,RRT*+Bezier,18,1,144.13,1.0352,0.0386,1.1876,24.3408,0.24757,goal,2
normal_city,Hybrid,18,1,155.244,1.1151,0.5783,1.669,53.4464,0.22846,goal,2
normal_city,Modified,18,1,148.391,1.0658,0.4068,2.0234,43.2404,0.14967,goal,2
normal_city,APF,19,0,2800.0,19.6161,3.272,7.5297,2104.718,0.53136,goal,2
normal_city,RRT*,19,1,153.506,1.0754,0.03,1.116,24.7133,0.18289,goal,2
normal_city,RRT*+Bezier,19,1,153.506,1.0754,0.03,1.116,24.7133,0.21521,goal,2
normal_city,Hybrid,19,1,212.414,1.4881,0.4506,2.628,62.4824,0.2261,goal,2
normal_city,Modified,19,1,149.572,1.0479,0.2502,4.3849,37.9235,0.20807,goal,2
blocked_road,APF,0,0,2800.0,18.9174,3.7207,9.1791,1870.6136,0.52728,goal,2
blocked_road,RRT*,0,1,150.392,1.0161,0.0484,1.1403,27.7482,0.97104,goal,2
blocked_road,RRT*+Bezier,0,1,150.392,1.0161,0.0484,1.1403,27.7482,0.99238,goal,2
blocked_road,Hybrid,0,1,210.066,1.4192,0.6247,4.1525,64.5212,0.54237,goal,2
blocked_road,Modified,0,1,201.193,1.3593,0.2291,6.944,46.4952,0.69576,goal,2
blocked_road,APF,1,0,2800.0,19.0683,3.4516,10.1176,2063.9922,0.51466,goal,2
blocked_road,RRT*,1,1,155.449,1.0586,0.0287,0.87,24.3287,0.96607,goal,2
blocked_road,RRT*+Bezier,1,1,155.449,1.0586,0.0287,0.87,24.3287,1.00279,goal,2
blocked_road,Hybrid,1,1,229.428,1.5624,0.5212,3.7057,67.2557,0.73706,goal,2
blocked_road,Modified,1,1,203.749,1.3876,0.2037,2.2356,52.4225,2.14208,goal,2
blocked_road,APF,2,0,21.7,0.1478,0.0442,0.5686,3.6722,0.01227,goal,2
blocked_road,RRT*,2,1,149.299,1.0167,0.0586,2.1002,27.9392,9.12603,goal,2
blocked_road,RRT*+Bezier,2,1,149.299,1.0167,0.0586,2.1002,27.9392,9.12961,goal,2
blocked_road,Hybrid,2,1,181.957,1.2391,0.1151,3.7997,37.6219,0.41705,goal,2
blocked_road,Modified,2,1,184.388,1.2557,0.1661,3.7123,38.8541,0.5641,goal,2
blocked_road,APF,3,0,49.0,0.3272,0.4493,1.2685,13.8189,0.01407,goal,2
blocked_road,RRT*,3,1,156.936,1.0478,0.0212,1.0891,23.4275,1.92372,goal,2
blocked_road,RRT*+Bezier,3,1,155.756,1.04,0.0179,1.1548,22.1004,1.94165,goal,2
blocked_road,Hybrid,3,1,223.673,1.4934,0.1639,4.7086,49.8011,0.57036,goal,2
blocked_road,Modified,3,1,157.766,1.0534,0.0887,0.6385,30.5551,0.22139,goal,2
blocked_road,APF,4,0,2800.0,19.0683,3.8354,10.3355,1877.2883,0.51854,goal,2
blocked_road,RRT*,4,1,146.39,0.9969,0.0474,1.1706,26.2047,1.73603,goal,2
blocked_road,RRT*+Bezier,4,1,146.39,0.9969,0.0474,1.1706,26.2047,1.75609,goal,2
blocked_road,Hybrid,4,1,219.618,1.4956,0.4859,4.2169,64.2141,1.32015,goal,2
blocked_road,Modified,4,1,206.283,1.4048,0.1933,2.3584,49.4825,1.02642,goal,2
blocked_road,APF,5,0,2800.0,19.0683,3.7633,9.6933,1874.0186,0.50705,goal,2
blocked_road,RRT*,5,1,155.506,1.059,0.0419,1.5167,26.5705,0.87254,goal,2
blocked_road,RRT*+Bezier,5,1,155.506,1.059,0.0419,1.5167,26.5705,0.90233,goal,2
blocked_road,Hybrid,5,1,216.315,1.4731,0.4276,4.5737,64.6188,1.14371,goal,2
blocked_road,Modified,5,1,212.248,1.4454,0.2178,7.8453,48.4795,0.74266,goal,2
blocked_road,APF,6,0,2800.0,19.0683,3.2251,7.4058,2227.3385,0.51975,goal,2
blocked_road,RRT*,6,1,149.847,1.0205,0.0379,1.1018,25.5458,0.70592,goal,2
blocked_road,RRT*+Bezier,6,1,149.847,1.0205,0.0379,1.1018,25.5458,0.73838,goal,2
blocked_road,Hybrid,6,1,166.264,1.1323,0.2488,4.1861,44.5993,1.1018,goal,2
blocked_road,Modified,6,1,165.923,1.13,0.1179,3.1215,38.5073,0.63916,goal,2
blocked_road,APF,7,1,183.4,1.249,1.0414,3.8963,76.8431,0.04064,goal,2
blocked_road,RRT*,7,1,154.582,1.0527,0.0495,1.0886,28.0953,0.84446,goal,2
blocked_road,RRT*+Bezier,7,1,154.582,1.0527,0.0495,1.0886,28.0953,0.85349,goal,2
blocked_road,Hybrid,7,1,164.552,1.1206,0.5105,1.6423,50.8474,0.14756,goal,2
blocked_road,Modified,7,1,159.049,1.0831,0.459,3.6704,48.3245,0.15932,goal,2
blocked_road,APF,8,0,38.5,0.2601,0.2467,1.4196,9.4912,0.01299,goal,2
blocked_road,RRT*,8,1,147.317,0.9953,0.0414,0.7572,25.6702,0.31004,goal,2
blocked_road,RRT*+Bezier,8,1,147.317,0.9953,0.0414,0.7572,25.6702,0.31518,goal,2
blocked_road,Hybrid,8,1,179.067,1.2098,0.157,3.1942,42.7373,1.56333,goal,2
blocked_road,Modified,8,1,157.651,1.0651,0.0742,0.7976,31.6051,0.21291,goal,2
blocked_road,APF,9,0,2800.0,19.0683,4.4136,10.472,1715.9398,0.50356,goal,2
blocked_road,RRT*,9,1,151.841,1.0341,0.044,0.948,26.735,2.42921,goal,2
blocked_road,RRT*+Bezier,9,1,151.841,1.0341,0.044,0.948,26.735,2.43446,goal,2
blocked_road,Hybrid,9,1,163.616,1.1142,0.1857,5.5396,36.543,0.26869,goal,2
blocked_road,Modified,9,1,163.689,1.1147,0.2159,12.3554,34.5006,1.81281,goal,2
blocked_road,APF,10,0,46.9,0.3144,0.3679,0.7719,12.3983,0.01355,goal,2
blocked_road,RRT*,10,1,149.345,1.0011,0.0349,1.201,23.969,0.3061,goal,2
blocked_road,RRT*+Bezier,10,1,149.345,1.0011,0.0349,1.201,23.969,0.31316,goal,2
blocked_road,Hybrid,10,1,184.368,1.2358,0.1518,3.3082,42.3303,0.15022,goal,2
blocked_road,Modified,10,1,158.377,1.0616,0.0945,2.6677,32.2635,0.56981,goal,2
blocked_road,APF,11,0,46.2,0.3109,0.364,1.6176,12.9088,0.01599,goal,2
blocked_road,RRT*,11,1,154.291,1.0383,0.0269,0.8576,23.7459,2.18036,goal,2
blocked_road,RRT*+Bezier,11,1,154.291,1.0383,0.0269,0.8576,23.7459,2.23478,goal,2
blocked_road,Hybrid,11,1,161.753,1.0885,0.1674,4.7448,36.794,1.90621,goal,2
blocked_road,Modified,11,1,155.409,1.0458,0.0842,1.5739,30.65,0.67201,goal,2
blocked_road,APF,12,0,2800.0,18.9925,3.5049,7.8641,2003.3567,0.52521,goal,2
blocked_road,RRT*,12,1,146.432,0.9933,0.0441,1.3082,25.451,1.01283,goal,2
blocked_road,RRT*+Bezier,12,1,146.432,0.9933,0.0441,1.3082,25.451,1.04199,goal,2
blocked_road,Hybrid,12,1,205.447,1.3936,0.3132,3.5363,58.3959,1.63135,goal,2
blocked_road,Modified,12,1,205.493,1.3939,0.1408,3.289,44.5752,1.03094,goal,2
blocked_road,APF,13,1,190.4,1.2966,1.1076,4.5873,69.5536,0.03581,goal,2
blocked_road,RRT*,13,1,147.958,1.0076,0.0401,1.1642,25.2924,1.24145,goal,2
blocked_road,RRT*+Bezier,13,1,147.958,1.0076,0.0401,1.1642,25.2924,1.24345,goal,2
blocked_road,Hybrid,13,1,164.307,1.1189,0.439,1.9919,48.7138,2.81333,goal,2
blocked_road,Modified,13,1,162.096,1.1039,0.3141,2.6738,44.1031,0.2636,goal,2
blocked_road,APF,14,0,2800.0,18.4074,3.2966,9.074,2231.5488,0.50837,goal,2
blocked_road,RRT*,14,1,151.955,0.999,0.0435,1.1396,26.958,0.5113,goal,2
blocked_road,RRT*+Bezier,14,1,151.607,0.9967,0.0393,0.9451,25.1307,0.5217,goal,2
blocked_road,Hybrid,14,1,261.657,1.7201,0.2631,5.5929,66.5651,1.41525,goal,2
blocked_road,Modified,14,1,210.815,1.3859,0.1654,5.0142,46.2815,0.55062,goal,2
blocked_road,APF,15,0,2800.0,18.3368,3.8345,9.8172,1855.2054,0.52378,goal,2
blocked_road,RRT*,15,1,154.152,1.0095,0.0325,1.1465,24.1117,0.93093,goal,2
blocked_road,RRT*+Bezier,15,1,154.152,1.0095,0.0325,1.1465,24.1117,0.93379,goal,2
blocked_road,Hybrid,15,1,214.968,1.4078,0.5438,3.2519,66.257,0.99536,goal,2
blocked_road,Modified,15,1,206.427,1.3519,0.2758,6.7336,50.2337,0.51911,goal,2
blocked_road,APF,16,0,2800.0,18.7688,3.9045,10.0287,1872.6903,0.51456,goal,2
blocked_road,RRT*,16,1,154.7,1.037,0.0503,1.0627,28.7022,0.72061,goal,2
blocked_road,RRT*+Bezier,16,1,154.7,1.037,0.0503,1.0627,28.7022,0.7367,goal,2
blocked_road,Hybrid,16,1,206.358,1.3832,0.4266,4.34,59.2861,0.71009,goal,2
blocked_road,Modified,16,1,198.785,1.3325,0.2334,9.3971,48.2305,0.25062,goal,2
blocked_road,APF,17,0,46.2,0.3121,0.364,1.6176,12.9088,0.01534,goal,2
blocked_road,RRT*,17,1,152.626,1.0312,0.0468,1.2184,27.097,0.39637,goal,2
blocked_road,RRT*+Bezier,17,1,152.626,1.0312,0.0468,1.2184,27.097,0.41067,goal,2
blocked_road,Hybrid,17,1,185.289,1.2518,0.1478,2.8703,39.7687,0.40024,goal,2
blocked_road,Modified,17,1,157.535,1.0643,0.0865,1.66,30.3434,0.28606,goal,2
blocked_road,APF,18,1,210.7,1.4406,1.4888,8.1739,84.2354,0.04233,goal,2
blocked_road,RRT*,18,1,147.201,1.0065,0.0368,1.0112,24.8207,0.27853,goal,2
blocked_road,RRT*+Bezier,18,1,147.201,1.0065,0.0368,1.0112,24.8207,0.25627,goal,2
blocked_road,Hybrid,18,1,163.711,1.1194,0.5059,1.6539,50.6377,0.09445,goal,2
blocked_road,Modified,18,1,159.749,1.0923,0.4207,7.9265,44.8687,0.14695,goal,2
blocked_road,APF,19,0,102.2,0.6824,0.8737,3.3241,38.9582,0.02317,goal,2
blocked_road,RRT*,19,1,151.377,1.0107,0.0302,1.3054,24.3095,0.14355,goal,2
blocked_road,RRT*+Bezier,19,1,151.377,1.0107,0.0302,1.3054,24.3095,0.14679,goal,2
blocked_road,Hybrid,19,1,209.364,1.3979,0.4533,3.3378,58.837,0.25269,goal,2
blocked_road,Modified,19,1,195.987,1.3086,0.1545,1.2414,43.7114,0.48216,goal,2
normal_city,APF,0,1,180.6,1.2902,1.1962,4.2154,77.4211,0.04208,goal,3
normal_city,RRT*,0,1,146.094,1.0437,0.0466,1.6236,26.1844,0.29016,goal,3
normal_city,RRT*+Bezier,0,1,146.094,1.0437,0.0466,1.6236,26.1844,0.31446,goal,3
normal_city,Hybrid,0,1,160.042,1.1433,0.6357,1.6166,59.3573,0.96706,goal,3
normal_city,Modified,0,1,155.145,1.1083,0.5406,2.9837,49.1323,0.17515,goal,3
normal_city,APF,1,1,186.9,1.3464,1.3141,6.4809,74.4206,0.04676,goal,3
normal_city,RRT*,1,1,146.213,1.0533,0.0501,0.9249,27.4624,0.4603,goal,3
normal_city,RRT*+Bezier,1,1,146.213,1.0533,0.0501,0.9249,27.4624,0.47477,goal,3
normal_city,Hybrid,1,1,164.596,1.1858,0.5154,3.6701,54.7422,0.21164,goal,3
normal_city,Modified,1,1,170.529,1.2285,0.7032,5.979,53.8009,0.42358,goal,3
normal_city,APF,2,1,187.6,1.3515,1.3166,5.8321,78.237,0.04342,goal,3
normal_city,RRT*,2,1,143.538,1.0341,0.0608,1.0901,27.8505,0.28731,goal,3
normal_city,RRT*+Bezier,2,1,143.538,1.0341,0.0608,1.0901,27.8505,0.31493,goal,3
normal_city,Hybrid,2,1,161.52,1.1636,0.6041,3.5937,56.5199,13.92514,goal,3
normal_city,Modified,2,1,155.796,1.1224,0.4418,2.9657,45.8719,0.59411,goal,3
normal_city,APF,3,1,189.7,1.3384,1.3269,5.4359,73.755,0.03734,goal,3
normal_city,RRT*,3,1,153.419,1.0824,0.0409,1.2515,26.0322,0.24622,goal,3
normal_city,RRT*+Bezier,3,1,153.419,1.0824,0.0409,1.2515,26.0322,0.25773,goal,3
normal_city,Hybrid,3,1,159.398,1.1246,0.601,1.6584,53.8924,0.10531,goal,3
normal_city,Modified,3,1,155.616,1.0979,0.4635,2.7428,45.3378,0.1973,goal,3
normal_city,APF,4,1,194.6,1.3729,1.4261,8.3391,79.3652,0.0455,goal,3
normal_city,RRT*,4,1,150.662,1.0629,0.0454,1.3459,26.8792,0.20196,goal,3
normal_city,RRT*+Bezier,4,1,150.662,1.0629,0.0454,1.3459,26.8792,0.20635,goal,3
normal_city,Hybrid,4,1,158.816,1.1205,0.5626,1.9093,54.4886,9.67236,goal,3
normal_city,Modified,4,1,162.108,1.1437,0.6037,9.2149,49.0725,0.20521,goal,3
normal_city,APF,5,1,184.1,1.3263,1.2726,5.3094,76.3871,0.04144,goal,3
normal_city,RRT*,5,1,149.646,1.0781,0.0538,1.5605,27.9862,0.57518,goal,3
normal_city,RRT*+Bezier,5,1,149.646,1.0781,0.0538,1.5605,27.9862,0.57558,goal,3
normal_city,Hybrid,5,1,158.379,1.141,0.5762,2.3314,53.2323,0.45444,goal,3
normal_city,Modified,5,1,152.975,1.102,0.4077,3.4684,44.3845,0.24857,goal,3
normal_city,APF,6,0,29.4,0.2118,0.1389,0.5728,6.3527,0.01491,goal,3
normal_city,RRT*,6,1,146.031,1.052,0.0612,1.1419,29.4214,0.27941,goal,3
normal_city,RRT*+Bezier,6,1,146.031,1.052,0.0612,1.1419,29.4214,0.29852,goal,3
normal_city,Hybrid,6,1,146.732,1.0571,0.0944,1.3907,31.9758,0.17278,goal,3
normal_city,Modified,6,1,147.846,1.0651,0.0845,1.2104,30.0419,1.20568,goal,3
normal_city,APF,7,1,189.7,1.3666,1.3398,5.5836,82.0445,0.04241,goal,3
normal_city,RRT*,7,1,142.724,1.0282,0.0576,1.3356,28.1733,1.51656,goal,3
normal_city,RRT*+Bezier,7,1,142.724,1.0282,0.0576,1.3356,28.1733,1.55468,goal,3
normal_city,Hybrid,7,1,156.542,1.1277,0.5411,1.4984,50.2207,0.23665,goal,3
normal_city,Modified,7,1,170.597,1.229,0.5972,5.1044,53.4721,0.30119,goal,3
normal_city,APF,8,1,190.4,1.3433,1.3464,5.4218,75.1504,0.03955,goal,3
normal_city,RRT*,8,1,143.342,1.0113,0.0585,0.8408,28.2881,0.62667,goal,3
normal_city,RRT*+Bezier,8,1,143.342,1.0113,0.0585,0.8408,28.2881,0.63524,goal,3
normal_city,Hybrid,8,1,163.626,1.1544,0.6044,1.5093,54.1688,0.2531,goal,3
normal_city,Modified,8,1,194.361,1.3712,0.407,5.7604,54.9362,0.55444,goal,3
normal_city,APF,9,0,37.8,0.2678,0.2882,0.7045,9.7785,0.01404,goal,3
normal_city,RRT*,9,1,141.54,1.0027,0.0584,1.455,26.7193,0.14659,goal,3
normal_city,RRT*+Bezier,9,1,141.54,1.0027,0.0584,1.455,26.7193,0.16439,goal,3
normal_city,Hybrid,9,1,151.321,1.072,0.1283,1.4506,33.695,0.24336,goal,3
normal_city,Modified,9,1,151.062,1.0702,0.0976,1.7769,32.7106,0.51746,goal,3
normal_city,APF,10,1,173.6,1.2299,1.0787,3.721,62.1616,0.03296,goal,3
normal_city,RRT*,10,1,144.119,1.021,0.0468,1.1354,25.9404,0.67515,goal,3
normal_city,RRT*+Bezier,10,1,144.119,1.021,0.0468,1.1354,25.9404,0.71195,goal,3
normal_city,Hybrid,10,1,155.007,1.0981,0.5886,1.8894,50.4164,0.09929,goal,3
normal_city,Modified,10,1,149.427,1.0586,0.4069,2.3129,40.8707,0.16466,goal,3
normal_city,APF,11,1,191.1,1.3595,1.4208,6.0756,81.6427,0.04311,goal,3
normal_city,RRT*,11,1,150.321,1.0694,0.0513,0.8174,28.6692,0.93364,goal,3
normal_city,RRT*+Bezier,11,1,150.321,1.0694,0.0513,0.8174,28.6692,0.9419,goal,3
normal_city,Hybrid,11,1,157.629,1.1214,0.6055,3.6449,52.3091,1.0665,goal,3
normal_city,Modified,11,1,159.687,1.136,0.6757,5.61,53.3893,0.38095,goal,3
normal_city,APF,12,0,2800.0,20.0865,3.4681,8.8268,1989.4367,0.51701,goal,3
normal_city,RRT*,12,1,139.698,1.0022,0.073,1.1984,29.7086,0.965,goal,3
normal_city,RRT*+Bezier,12,1,139.698,1.0022,0.073,1.1984,29.7086,0.97836,goal,3
normal_city,Hybrid,12,1,148.411,1.0647,0.2733,6.904,41.397,1.41086,goal,3
normal_city,Modified,12,1,151.445,1.0864,0.2532,7.7276,38.4785,1.1322,goal,3
normal_city,APF,13,0,94.5,0.664,0.6831,1.3897,33.4295,0.02384,goal,3
normal_city,RRT*,13,1,141.88,0.9969,0.0628,1.2528,27.9113,0.24886,goal,3
normal_city,RRT*+Bezier,13,1,141.88,0.9969,0.0628,1.2528,27.9113,0.27562,goal,3
normal_city,Hybrid,13,1,160.686,1.129,0.4347,1.3595,48.5483,0.25867,goal,3
normal_city,Modified,13,1,148.561,1.0438,0.1622,0.9486,33.3368,0.2886,goal,3
normal_city,APF,14,1,172.2,1.2199,1.0688,2.7061,71.2761,0.03535,goal,3
normal_city,RRT*,14,1,146.374,1.037,0.0484,1.1469,26.4051,0.36723,goal,3
normal_city,RRT*+Bezier,14,1,146.374,1.037,0.0484,1.1469,26.4051,0.38352,goal,3
normal_city,Hybrid,14,1,158.611,1.1237,0.7049,1.3268,55.1378,0.05914,goal,3
normal_city,Modified,14,1,148.22,1.0501,0.3574,1.3102,42.8079,0.17786,goal,3
normal_city,APF,15,1,172.9,1.2249,1.1169,2.565,68.812,0.03647,goal,3
normal_city,RRT*,15,1,145.342,1.0297,0.0355,0.9829,23.8363,0.40779,goal,3
normal_city,RRT*+Bezier,15,1,145.342,1.0297,0.0355,0.9829,23.8363,0.41396,goal,3
normal_city,Hybrid,15,1,157.265,1.1141,0.6852,1.7112,54.6404,0.37366,goal,3
normal_city,Modified,15,1,150.05,1.063,0.4502,2.5208,45.1305,0.15987,goal,3
normal_city,APF,16,1,168.7,1.2001,1.0347,2.8723,65.3805,0.03668,goal,3
normal_city,RRT*,16,1,151.111,1.075,0.0408,1.5642,26.0172,0.29026,goal,3
normal_city,RRT*+Bezier,16,1,151.111,1.075,0.0408,1.5642,26.0172,0.31499,goal,3
normal_city,Hybrid,16,1,154.801,1.1012,0.6262,1.5885,53.9963,0.10263,goal,3
normal_city,Modified,16,1,150.153,1.0682,0.4589,2.9234,42.3125,0.16501,goal,3
normal_city,APF,17,0,7.7,0.0546,0.1072,0.6928,1.9347,0.00868,goal,3
normal_city,RRT*,17,1,141.87,1.0051,0.0579,1.1622,27.3742,2.52281,goal,3
normal_city,RRT*+Bezier,17,1,141.87,1.0051,0.0579,1.1622,27.3742,2.55843,goal,3
normal_city,Hybrid,17,1,158.827,1.1252,0.0764,3.9107,32.0873,0.38312,goal,3
normal_city,Modified,17,1,150.071,1.0632,0.0938,2.1553,32.975,0.32136,goal,3
normal_city,APF,18,1,167.3,1.2052,0.9781,2.1191,68.5345,0.03536,goal,3
normal_city,RRT*,18,1,143.203,1.0316,0.0387,1.153,24.2749,0.22095,goal,3
normal_city,RRT*+Bezier,18,1,143.203,1.0316,0.0387,1.153,24.2749,0.2379,goal,3
normal_city,Hybrid,18,1,153.182,1.1035,0.5807,1.3195,50.7909,0.49986,goal,3
normal_city,Modified,18,1,148.599,1.0705,0.4445,2.1276,44.4557,0.14404,goal,3
normal_city,APF,19,0,2800.0,19.7545,3.1781,7.3665,2162.4073,0.50371,goal,3
normal_city,RRT*,19,1,152.553,1.0763,0.03,1.0899,24.5657,0.17829,goal,3
normal_city,RRT*+Bezier,19,1,152.553,1.0763,0.03,1.0899,24.5657,0.19251,goal,3
normal_city,Hybrid,19,1,208.834,1.4734,0.4593,2.9105,60.0196,0.26189,goal,3
normal_city,Modified,19,1,148.497,1.0477,0.3014,5.2344,40.0061,0.167,goal,3
blocked_road,APF,0,0,2800.0,19.046,3.7201,9.1907,1876.3109,0.50154,goal,3
blocked_road,RRT*,0,1,149.193,1.0148,0.0488,1.1072,27.005,0.90462,goal,3
blocked_road,RRT*+Bezier,0,1,149.193,1.0148,0.0488,1.1072,27.005,0.92936,goal,3
blocked_road,Hybrid,0,1,200.551,1.3642,0.4732,1.6546,59.7286,1.02722,goal,3
blocked_road,Modified,0,1,218.639,1.4872,0.1558,2.3501,51.9407,1.01442,goal,3
blocked_road,APF,1,0,2800.0,19.199,3.4528,10.115,2067.9524,0.50966,goal,3
blocked_road,RRT*,1,1,155.255,1.0646,0.0262,1.3218,23.755,0.96584,goal,3
blocked_road,RRT*+Bezier,1,1,155.255,1.0646,0.0262,1.3218,23.755,0.97908,goal,3
blocked_road,Hybrid,1,1,222.628,1.5265,0.5793,4.3028,72.5012,1.10714,goal,3
blocked_road,Modified,1,1,206.978,1.4192,0.2573,6.1127,56.4422,2.42475,goal,3
blocked_road,APF,2,0,18.9,0.1296,0.0514,0.533,3.3443,0.01098,goal,3
blocked_road,RRT*,2,1,147.522,1.0115,0.0481,0.9402,26.5989,0.26819,goal,3
blocked_road,RRT*+Bezier,2,1,147.522,1.0115,0.0481,0.9402,26.5989,0.28543,goal,3
blocked_road,Hybrid,2,1,151.808,1.0409,0.0429,1.5725,26.0593,1.12038,goal,3
blocked_road,Modified,2,1,157.523,1.0801,0.0288,1.2538,24.7428,0.3443,goal,3
blocked_road,APF,3,0,47.6,0.32,0.3821,0.7532,12.6829,0.01318,goal,3
blocked_road,RRT*,3,1,156.001,1.0486,0.022,1.0616,23.4229,1.85591,goal,3
blocked_road,RRT*+Bezier,3,1,154.764,1.0403,0.0184,1.1526,21.8347,1.86445,goal,3
blocked_road,Hybrid,3,1,159.902,1.0748,0.1598,1.9724,34.1247,0.84148,goal,3
blocked_road,Modified,3,1,158.649,1.0664,0.0866,1.623,31.2517,0.20384,goal,3
blocked_road,APF,4,0,2800.0,19.199,3.8323,10.3364,1873.6281,0.55023,goal,3
blocked_road,RRT*,4,1,152.137,1.0432,0.0386,1.3013,25.1766,0.56077,goal,3
blocked_road,RRT*+Bezier,4,1,151.97,1.042,0.0369,1.1621,24.6852,0.58166,goal,3
blocked_road,Hybrid,4,1,219.739,1.5067,0.5423,5.2312,70.0489,0.83845,goal,3
blocked_road,Modified,4,1,208.159,1.4273,0.2556,3.2884,54.8168,0.34866,goal,3
blocked_road,APF,5,0,2800.0,19.199,3.6312,9.4953,2002.4426,0.50589,goal,3
blocked_road,RRT*,5,1,148.972,1.0215,0.0452,1.1538,26.5637,1.49096,goal,3
blocked_road,RRT*+Bezier,5,1,148.972,1.0215,0.0452,1.1538,26.5637,1.45981,goal,3
blocked_road,Hybrid,5,1,213.678,1.4651,0.415,4.9461,64.961,0.48672,goal,3
blocked_road,Modified,5,1,205.245,1.4073,0.2165,3.7543,48.4001,0.70403,goal,3
blocked_road,APF,6,0,2800.0,19.199,3.2112,7.3688,2234.3124,0.52376,goal,3
blocked_road,RRT*,6,1,147.711,1.0128,0.0321,1.1167,24.1021,0.65375,goal,3
blocked_road,RRT*+Bezier,6,1,147.711,1.0128,0.0321,1.1167,24.1021,0.67487,goal,3
blocked_road,Hybrid,6,1,161.919,1.1102,0.2376,3.7169,42.4586,1.36936,goal,3
blocked_road,Modified,6,1,157.671,1.0811,0.1271,3.4146,35.2315,2.4211,goal,3
blocked_road,APF,7,1,187.6,1.2863,1.1158,5.311,78.383,0.04674,goal,3
blocked_road,RRT*,7,1,148.899,1.021,0.0574,1.2003,28.9302,1.17595,goal,3
blocked_road,RRT*+Bezier,7,1,148.899,1.021,0.0574,1.2003,28.9302,1.19744,goal,3
blocked_road,Hybrid,7,1,164.896,1.1307,0.5038,1.67,52.3021,2.10274,goal,3
blocked_road,Modified,7,1,157.299,1.0786,0.3302,2.1565,46.898,0.25854,goal,3
blocked_road,APF,8,0,38.5,0.2619,0.2461,1.6643,9.3352,0.01267,goal,3
blocked_road,RRT*,8,1,146.534,0.9967,0.0419,1.053,25.6959,0.2961,goal,3
blocked_road,RRT*+Bezier,8,1,146.534,0.9967,0.0419,1.053,25.6959,0.30743,goal,3
blocked_road,Hybrid,8,1,172.21,1.1714,0.107,3.3893,34.3023,3.36402,goal,3
blocked_road,Modified,8,1,156.039,1.0614,0.0474,1.075,28.1113,0.78291,goal,3
blocked_road,APF,9,0,2800.0,19.199,4.4148,10.472,1716.3282,0.53895,goal,3
blocked_road,RRT*,9,1,144.472,0.9906,0.0477,0.9424,26.2683,2.39443,goal,3
blocked_road,RRT*+Bezier,9,1,144.472,0.9906,0.0477,0.9424,26.2683,2.1358,goal,3
blocked_road,Hybrid,9,1,163.635,1.122,0.2125,6.724,37.1475,0.23845,goal,3
blocked_road,Modified,9,1,163.172,1.1188,0.2078,8.2139,35.0781,2.21617,goal,3
blocked_road,APF,10,0,47.6,0.3212,0.4168,2.0685,13.2632,0.01337,goal,3
blocked_road,RRT*,10,1,148.33,1.001,0.0352,1.2444,23.8171,0.29539,goal,3
blocked_road,RRT*+Bezier,10,1,148.33,1.001,0.0352,1.2444,23.8171,0.31481,goal,3
blocked_road,Hybrid,10,1,171.691,1.1586,0.1673,4.0735,37.3498,0.41619,goal,3
blocked_road,Modified,10,1,189.035,1.2757,0.0779,3.9181,33.8881,0.77726,goal,3
blocked_road,APF,11,0,46.2,0.313,0.4114,0.7657,12.1323,0.01496,goal,3
blocked_road,RRT*,11,1,147.013,0.996,0.0555,1.2763,27.8741,0.36614,goal,3
blocked_road,RRT*+Bezier,11,1,147.013,0.996,0.0555,1.2763,27.8741,0.38587,goal,3
blocked_road,Hybrid,11,1,160.261,1.0858,0.1559,2.5331,33.5582,1.78225,goal,3
blocked_road,Modified,11,1,190.797,1.2927,0.0828,3.5329,37.2274,0.58323,goal,3
blocked_road,APF,12,0,2800.0,19.1222,3.1514,7.8753,2127.4423,0.50846,goal,3
blocked_road,RRT*,12,1,154.728,1.0567,0.0496,1.4189,27.6825,0.83553,goal,3
blocked_road,RRT*+Bezier,12,1,154.728,1.0567,0.0496,1.4189,27.6825,0.8391,goal,3
blocked_road,Hybrid,12,1,204.141,1.3942,0.3192,5.1239,59.7069,1.45015,goal,3
blocked_road,Modified,12,1,208.56,1.4243,0.1432,4.2812,43.4514,1.05148,goal,3
blocked_road,APF,13,0,101.5,0.696,0.874,1.3957,39.9366,0.02557,goal,3
blocked_road,RRT*,13,1,147.609,1.0121,0.0429,1.2969,25.7817,1.25767,goal,3
blocked_road,RRT*+Bezier,13,1,147.609,1.0121,0.0429,1.2969,25.7817,1.27967,goal,3
blocked_road,Hybrid,13,1,162.484,1.1141,0.5652,1.4164,55.0198,0.33291,goal,3
blocked_road,Modified,13,1,152.473,1.0455,0.2051,1.193,36.4176,0.3522,goal,3
blocked_road,APF,14,0,2800.0,18.5292,4.0293,10.2359,1791.0164,0.5015,goal,3
blocked_road,RRT*,14,1,151.461,1.0023,0.0402,1.1192,26.4321,1.03931,goal,3
blocked_road,RRT*+Bezier,14,1,151.461,1.0023,0.0402,1.1192,26.4321,1.066,goal,3
blocked_road,Hybrid,14,1,213.892,1.4154,0.5933,5.3668,65.4648,0.41296,goal,3
blocked_road,Modified,14,1,200.469,1.3266,0.2106,2.7006,49.375,0.43927,goal,3
blocked_road,APF,15,0,2800.0,18.4577,3.8321,9.8173,1856.0402,0.50406,goal,3
blocked_road,RRT*,15,1,155.766,1.0268,0.0309,1.2222,24.9095,0.9214,goal,3
blocked_road,RRT*+Bezier,15,1,155.766,1.0268,0.0309,1.2222,24.9095,0.94539,goal,3
blocked_road,Hybrid,15,1,272.674,1.7975,0.2908,3.3003,67.6402,2.17966,goal,3
blocked_road,Modified,15,1,251.272,1.6564,0.1844,5.0184,55.9421,1.14295,goal,3
blocked_road,APF,16,0,103.6,0.6991,0.85,2.1227,41.4331,0.02408,goal,3
blocked_road,RRT*,16,1,150.198,1.0136,0.0546,1.2042,28.5103,0.96041,goal,3
blocked_road,RRT*+Bezier,16,1,150.198,1.0136,0.0546,1.2042,28.5103,0.97754,goal,3
blocked_road,Hybrid,16,1,214.443,1.4471,0.4356,2.7783,61.9596,0.2728,goal,3
blocked_road,Modified,16,1,194.435,1.3121,0.1802,1.3453,45.7388,0.26503,goal,3
blocked_road,APF,17,0,46.2,0.3143,0.4114,0.7657,12.1323,0.01456,goal,3
blocked_road,RRT*,17,1,151.324,1.0293,0.0435,1.5173,26.2181,0.45878,goal,3
blocked_road,RRT*+Bezier,17,1,151.324,1.0293,0.0435,1.5173,26.2181,0.4684,goal,3
blocked_road,Hybrid,17,1,186.493,1.2686,0.1497,4.3339,38.3556,0.56684,goal,3
blocked_road,Modified,17,1,159.256,1.0833,0.0838,1.973,31.4483,0.35698,goal,3
blocked_road,APF,18,1,225.4,1.5455,1.6794,9.9389,96.2591,0.04576,goal,3
blocked_road,RRT*,18,1,145.788,0.9996,0.0386,0.9663,24.4152,0.3753,goal,3
blocked_road,RRT*+Bezier,18,1,145.788,0.9996,0.0386,0.9663,24.4152,0.38489,goal,3
blocked_road,Hybrid,18,1,164.1,1.1252,0.4994,1.6812,52.6302,0.10027,goal,3
blocked_road,Modified,18,1,161.588,1.108,0.4841,8.5797,44.2501,0.16605,goal,3
blocked_road,APF,19,0,2800.0,18.8211,3.8944,10.1425,1852.775,0.47,goal,3
blocked_road,RRT*,19,1,150.375,1.0108,0.03,1.3053,24.1224,0.11211,goal,3
blocked_road,RRT*+Bezier,19,1,150.375,1.0108,0.03,1.3053,24.1224,0.12078,goal,3
blocked_road,Hybrid,19,1,208.148,1.3991,0.5303,3.9269,64.5949,0.16556,goal,3
blocked_road,Modified,19,1,201.714,1.3559,0.2342,4.6497,49.4314,0.9449,goal,3
normal_city,APF,0,1,177.1,1.2835,1.1553,3.4754,71.4327,0.03957,goal,5
normal_city,RRT*,0,1,144.715,1.0488,0.0478,1.2579,26.0165,0.28374,goal,5
normal_city,RRT*+Bezier,0,1,144.715,1.0488,0.0478,1.2579,26.0165,0.30647,goal,5
normal_city,Hybrid,0,1,155.082,1.1239,0.5983,1.7125,51.8515,0.21316,goal,5
normal_city,Modified,0,1,148.987,1.0798,0.3872,3.6019,46.3517,0.18362,goal,5
normal_city,APF,1,1,176.4,1.2839,1.1431,3.8559,67.0681,0.03963,goal,5
normal_city,RRT*,1,1,145.924,1.0621,0.0487,1.0972,26.9672,0.16423,goal,5
normal_city,RRT*+Bezier,1,1,145.924,1.0621,0.0487,1.0972,26.9672,0.18172,goal,5
normal_city,Hybrid,1,1,161.721,1.177,0.5452,2.8518,51.2716,0.10962,goal,5
normal_city,Modified,1,1,157.64,1.1473,0.6384,3.84,48.0019,0.16196,goal,5
normal_city,APF,2,0,2800.0,20.3789,3.2615,8.2477,2034.4436,0.51653,goal,5
normal_city,RRT*,2,1,140.924,1.0257,0.0621,1.2921,27.6851,0.54096,goal,5
normal_city,RRT*+Bezier,2,1,140.924,1.0257,0.0621,1.2921,27.6851,0.57048,goal,5
normal_city,Hybrid,2,1,155.363,1.1308,0.5289,1.3114,47.502,0.15801,goal,5
normal_city,Modified,2,1,148.009,1.0772,0.3447,1.8959,41.7481,0.22728,goal,5
normal_city,APF,3,1,200.2,1.4327,1.4859,6.5022,78.7948,0.0379,goal,5
normal_city,RRT*,3,1,153.209,1.0964,0.0402,1.1535,25.7687,0.24257,goal,5
normal_city,RRT*+Bezier,3,1,153.209,1.0964,0.0402,1.1535,25.7687,0.24948,goal,5
normal_city,Hybrid,3,1,171.963,1.2306,0.5762,5.706,58.0157,0.67906,goal,5
normal_city,Modified,3,1,160.291,1.1471,0.4094,2.836,46.8119,0.28721,goal,5
normal_city,APF,4,1,177.1,1.2568,1.1602,4.2186,67.2503,0.03792,goal,5
normal_city,RRT*,4,1,150.797,1.0702,0.0449,0.9895,26.4335,0.18621,goal,5
normal_city,RRT*+Bezier,4,1,150.797,1.0702,0.0449,0.9895,26.4335,0.21282,goal,5
normal_city,Hybrid,4,1,170.778,1.2119,0.5602,3.6195,53.9357,0.64824,goal,5
normal_city,Modified,4,1,150.19,1.0658,0.3914,3.5535,43.3858,0.38554,goal,5
normal_city,APF,5,1,177.1,1.2945,1.1667,3.2026,71.0496,0.04044,goal,5
normal_city,RRT*,5,1,149.268,1.091,0.0447,1.5665,26.3142,0.53102,goal,5
normal_city,RRT*+Bezier,5,1,149.268,1.091,0.0447,1.5665,26.3142,0.55539,goal,5
normal_city,Hybrid,5,1,159.171,1.1634,0.5827,4.6876,55.1025,0.35306,goal,5
normal_city,Modified,5,1,150.808,1.1023,0.4514,2.4395,47.7982,0.17464,goal,5
normal_city,APF,6,0,32.2,0.2354,0.1058,0.5392,7.2979,0.01472,goal,5
normal_city,RRT*,6,1,145.264,1.0618,0.0585,1.1256,28.5035,0.26672,goal,5
normal_city,RRT*+Bezier,6,1,145.264,1.0618,0.0585,1.1256,28.5035,0.31606,goal,5
normal_city,Hybrid,6,1,166.78,1.2191,0.0857,3.3987,34.7271,0.92365,goal,5
normal_city,Modified,6,1,145.161,1.061,0.0938,1.7069,31.9728,0.71163,goal,5
normal_city,APF,7,1,214.2,1.5657,1.7292,10.1384,90.7793,0.04883,goal,5
normal_city,RRT*,7,1,140.855,1.0296,0.0546,1.1192,26.7496,1.75724,goal,5
normal_city,RRT*+Bezier,7,1,140.855,1.0296,0.0546,1.1192,26.7496,1.76399,goal,5
normal_city,Hybrid,7,1,153.8,1.1242,0.4784,1.2888,46.7555,1.93498,goal,5
normal_city,Modified,7,1,160.529,1.1734,0.5605,3.148,49.3417,0.28792,goal,5
normal_city,APF,8,1,201.6,1.4307,1.4886,6.5434,84.0217,0.04298,goal,5
normal_city,RRT*,8,1,141.408,1.0035,0.0575,1.1081,28.0467,0.73926,goal,5
normal_city,RRT*+Bezier,8,1,141.408,1.0035,0.0575,1.1081,28.0467,0.76936,goal,5
normal_city,Hybrid,8,1,163.006,1.1568,0.6057,1.9708,51.7329,0.32319,goal,5
normal_city,Modified,8,1,154.442,1.096,0.3679,3.343,42.9268,0.66908,goal,5
normal_city,APF,9,0,38.5,0.2744,0.291,2.1292,10.8727,0.01406,goal,5
normal_city,RRT*,9,1,140.604,1.002,0.0594,1.4446,26.6278,0.14541,goal,5
normal_city,RRT*+Bezier,9,1,140.604,1.002,0.0594,1.4446,26.6278,0.16286,goal,5
normal_city,Hybrid,9,1,151.735,1.0813,0.1519,4.9946,36.4252,0.3146,goal,5
normal_city,Modified,9,1,148.892,1.061,0.1036,2.5545,32.2282,0.94571,goal,5
normal_city,APF,10,1,177.1,1.2727,1.1436,4.135,66.6326,0.03545,goal,5
normal_city,RRT*,10,1,144.461,1.0381,0.0448,1.1064,25.8757,0.74061,goal,5
normal_city,RRT*+Bezier,10,1,144.461,1.0381,0.0448,1.1064,25.8757,0.74699,goal,5
normal_city,Hybrid,10,1,155.303,1.1161,0.5719,2.0416,52.1019,0.08453,goal,5
normal_city,Modified,10,1,155.976,1.1209,0.3662,2.9573,44.1107,0.22128,goal,5
normal_city,APF,11,1,209.3,1.5104,1.6534,7.9325,88.5772,0.04634,goal,5
normal_city,RRT*,11,1,151.599,1.094,0.035,0.8941,25.6782,0.45603,goal,5
normal_city,RRT*+Bezier,11,1,151.599,1.094,0.035,0.8941,25.6782,0.45982,goal,5
normal_city,Hybrid,11,1,155.366,1.1212,0.5755,1.4744,48.8324,0.18816,goal,5
normal_city,Modified,11,1,153.571,1.1083,0.5604,5.343,47.6582,0.42872,goal,5
normal_city,APF,12,0,2800.0,20.3789,3.3563,8.0768,2081.9548,0.51728,goal,5
normal_city,RRT*,12,1,142.707,1.0386,0.051,1.2819,26.643,0.26259,goal,5
normal_city,RRT*+Bezier,12,1,142.707,1.0386,0.051,1.2819,26.643,0.28458,goal,5
normal_city,Hybrid,12,1,146.95,1.0695,0.273,6.5178,40.2069,1.41715,goal,5
normal_city,Modified,12,1,157.763,1.1482,0.2395,5.3051,38.7963,0.49396,goal,5
normal_city,APF,13,0,94.5,0.6679,0.6659,1.3762,33.0232,0.02363,goal,5
normal_city,RRT*,13,1,142.686,1.0084,0.0645,1.2477,28.5665,0.24448,goal,5
normal_city,RRT*+Bezier,13,1,142.686,1.0084,0.0645,1.2477,28.5665,0.26976,goal,5
normal_city,Hybrid,13,1,160.501,1.1343,0.4245,1.4552,49.5206,0.25641,goal,5
normal_city,Modified,13,1,148.392,1.0487,0.1482,1.2279,35.5269,0.58921,goal,5
normal_city,APF,14,1,172.9,1.2321,1.1322,3.3958,66.6587,0.03683,goal,5
normal_city,RRT*,14,1,144.476,1.0296,0.0492,1.0757,26.2147,0.3705,goal,5
normal_city,RRT*+Bezier,14,1,144.476,1.0296,0.0492,1.0757,26.2147,0.39129,goal,5
normal_city,Hybrid,14,1,156.503,1.1153,0.7078,1.4839,55.427,0.05514,goal,5
normal_city,Modified,14,1,145.631,1.0378,0.3175,1.6941,40.3155,0.17056,goal,5
normal_city,APF,15,1,175.0,1.2471,1.1644,3.5527,70.9415,0.04347,goal,5
normal_city,RRT*,15,1,144.337,1.0286,0.0347,0.9838,23.4294,0.3881,goal,5
normal_city,RRT*+Bezier,15,1,144.337,1.0286,0.0347,0.9838,23.4294,0.40921,goal,5
normal_city,Hybrid,15,1,155.506,1.1082,0.6604,1.6882,54.6462,0.18141,goal,5
normal_city,Modified,15,1,147.187,1.0489,0.351,2.0844,41.8799,0.18178,goal,5
normal_city,APF,16,1,170.1,1.2224,1.0999,3.3893,62.9883,0.03749,goal,5
normal_city,RRT*,16,1,149.254,1.0726,0.0412,1.5772,25.7692,0.28661,goal,5
normal_city,RRT*+Bezier,16,1,149.254,1.0726,0.0412,1.5772,25.7692,0.31703,goal,5
normal_city,Hybrid,16,1,153.432,1.1026,0.62,1.7186,52.8098,0.10162,goal,5
normal_city,Modified,16,1,147.526,1.0602,0.4299,2.542,42.5576,0.15065,goal,5
normal_city,APF,17,0,7.7,0.0549,0.1096,0.7071,1.9448,0.00859,goal,5
normal_city,RRT*,17,1,140.87,1.0039,0.0614,1.1618,28.0076,2.59702,goal,5
normal_city,RRT*+Bezier,17,1,140.87,1.0039,0.0614,1.1618,28.0076,2.66328,goal,5
normal_city,Hybrid,17,1,144.337,1.0286,0.0685,1.0654,29.659,0.18863,goal,5
normal_city,Modified,17,1,149.322,1.0641,0.1025,2.052,34.6924,0.32785,goal,5
normal_city,APF,18,1,165.9,1.2023,1.0128,2.8276,67.5841,0.03499,goal,5
normal_city,RRT*,18,1,141.348,1.0244,0.0396,1.0663,24.127,0.19782,goal,5
normal_city,RRT*+Bezier,18,1,141.348,1.0244,0.0396,1.0663,24.127,0.22244,goal,5
normal_city,Hybrid,18,1,150.2,1.0885,0.5552,1.3867,49.1999,0.16885,goal,5
normal_city,Modified,18,1,146.753,1.0636,0.4404,2.7038,43.1735,0.15214,goal,5
normal_city,APF,19,0,2800.0,20.0372,3.142,7.2884,2204.4973,0.50346,goal,5
normal_city,RRT*,19,1,152.695,1.0927,0.0337,1.1354,25.1453,0.27105,goal,5
normal_city,RRT*+Bezier,19,1,152.695,1.0927,0.0337,1.1354,25.1453,0.27714,goal,5
normal_city,Hybrid,19,1,210.771,1.5083,0.4694,3.2137,62.9333,0.21076,goal,5
normal_city,Modified,19,1,147.792,1.0576,0.2964,2.7391,41.9276,0.15308,goal,5
blocked_road,APF,0,0,77.7,0.5358,0.8781,3.1379,33.2501,0.0226,goal,5
blocked_road,RRT*,0,1,146.564,1.0107,0.0428,0.9806,26.1078,0.51601,goal,5
blocked_road,RRT*+Bezier,0,1,146.564,1.0107,0.0428,0.9806,26.1078,0.53326,goal,5
blocked_road,Hybrid,0,1,201.288,1.3881,0.3129,4.3925,52.1954,0.34673,goal,5
blocked_road,Modified,0,1,229.707,1.5841,0.1472,2.757,49.9708,0.95082,goal,5
blocked_road,APF,1,0,2800.0,19.466,3.6291,9.7858,1967.7495,0.51867,goal,5
blocked_road,RRT*,1,1,155.055,1.078,0.0273,0.7508,24.0349,1.65036,goal,5
blocked_road,RRT*+Bezier,1,1,155.055,1.078,0.0273,0.7508,24.0349,1.58919,goal,5
blocked_road,Hybrid,1,1,223.295,1.5524,0.6577,4.5245,75.9538,1.13128,goal,5
blocked_road,Modified,1,1,203.743,1.4165,0.2825,3.5664,53.6974,0.82042,goal,5
blocked_road,APF,2,0,15.4,0.1071,0.0596,0.4246,2.9075,0.01162,goal,5
blocked_road,RRT*,2,1,155.0,1.0776,0.026,1.1381,24.388,1.05424,goal,5
blocked_road,RRT*+Bezier,2,1,155.0,1.0776,0.026,1.1381,24.388,1.01899,goal,5
blocked_road,Hybrid,2,1,156.914,1.0909,0.0374,1.2233,25.7751,1.13436,goal,5
blocked_road,Modified,2,1,154.666,1.0753,0.0635,1.7249,31.0467,0.55829,goal,5
blocked_road,APF,3,0,49.7,0.3386,0.51,2.7981,13.7339,0.01354,goal,5
blocked_road,RRT*,3,1,157.528,1.0733,0.0182,0.7544,22.3367,1.09056,goal,5
blocked_road,RRT*+Bezier,3,1,157.528,1.0733,0.0182,0.7544,22.3367,1.06421,goal,5
blocked_road,Hybrid,3,1,162.273,1.1056,0.2121,8.2757,37.7648,1.22594,goal,5
blocked_road,Modified,3,1,155.282,1.058,0.1094,4.5305,32.1161,0.19968,goal,5
blocked_road,APF,4,0,2800.0,19.387,3.9811,10.5048,1857.4163,0.51601,goal,5
blocked_road,RRT*,4,1,145.503,1.0075,0.0602,1.3481,27.7512,0.63334,goal,5
blocked_road,RRT*+Bezier,4,1,145.503,1.0075,0.0602,1.3481,27.7512,0.64705,goal,5
blocked_road,Hybrid,4,1,215.539,1.4924,0.5782,4.7343,68.6545,0.36252,goal,5
blocked_road,Modified,4,1,202.724,1.4037,0.2167,5.3451,52.0238,0.44938,goal,5
blocked_road,APF,5,0,101.5,0.7056,0.8298,1.2057,39.528,0.0246,goal,5
blocked_road,RRT*,5,1,146.863,1.021,0.0462,1.2099,26.2643,1.47811,goal,5
blocked_road,RRT*+Bezier,5,1,146.863,1.021,0.0462,1.2099,26.2643,1.50365,goal,5
blocked_road,Hybrid,5,1,210.759,1.4652,0.4209,2.2845,60.9135,0.4977,goal,5
blocked_road,Modified,5,1,205.471,1.4285,0.1921,2.289,47.7824,0.59563,goal,5
blocked_road,APF,6,0,2800.0,19.466,3.2217,7.3258,2216.4853,0.49693,goal,5
blocked_road,RRT*,6,1,142.686,0.992,0.0402,0.907,25.1427,1.6984,goal,5
blocked_road,RRT*+Bezier,6,1,142.686,0.992,0.0402,0.907,25.1427,1.70725,goal,5
blocked_road,Hybrid,6,1,192.692,1.3396,0.2061,4.7801,47.6505,0.98122,goal,5
blocked_road,Modified,6,1,159.742,1.1105,0.1949,4.809,39.2138,2.32775,goal,5
blocked_road,APF,7,1,216.3,1.5037,1.578,10.5595,92.1511,0.0465,goal,5
blocked_road,RRT*,7,1,150.483,1.0462,0.0337,1.0261,24.7499,0.78869,goal,5
blocked_road,RRT*+Bezier,7,1,150.483,1.0462,0.0337,1.0261,24.7499,0.79982,goal,5
blocked_road,Hybrid,7,1,163.181,1.1345,0.5043,1.5463,49.4434,1.60634,goal,5
blocked_road,Modified,7,1,166.327,1.1563,0.473,6.2648,49.8713,0.1858,goal,5
blocked_road,APF,8,0,38.5,0.2655,0.2565,1.96,10.1674,0.01254,goal,5
blocked_road,RRT*,8,1,145.307,1.002,0.0438,0.7275,26.0241,0.4049,goal,5
blocked_road,RRT*+Bezier,8,1,145.307,1.002,0.0438,0.7275,26.0241,0.41346,goal,5
blocked_road,Hybrid,8,1,152.8,1.0537,0.1047,0.8226,30.6145,0.63112,goal,5
blocked_road,Modified,8,1,165.117,1.1386,0.1297,2.4632,36.4078,1.56263,goal,5
blocked_road,APF,9,0,2800.0,19.466,3.6037,9.3179,1934.2565,0.50393,goal,5
blocked_road,RRT*,9,1,153.087,1.0643,0.0395,1.1553,26.0156,4.27524,goal,5
blocked_road,RRT*+Bezier,9,1,153.087,1.0643,0.0395,1.1553,26.0156,4.30407,goal,5
blocked_road,Hybrid,9,1,151.896,1.056,0.2038,3.7805,36.2506,8.06716,goal,5
blocked_road,Modified,9,1,164.066,1.1406,0.1922,4.6266,38.2803,1.47246,goal,5
blocked_road,APF,10,0,48.3,0.3304,0.474,2.7619,13.6395,0.01269,goal,5
blocked_road,RRT*,10,1,146.096,0.9994,0.0381,1.096,24.2467,0.27129,goal,5
blocked_road,RRT*+Bezier,10,1,145.981,0.9986,0.0362,1.0092,23.7973,0.28804,goal,5
blocked_road,Hybrid,10,1,187.367,1.2817,0.1744,4.7741,42.8837,0.76197,goal,5
blocked_road,Modified,10,1,198.803,1.36,0.08,1.6174,40.077,0.98873,goal,5
blocked_road,APF,11,0,46.9,0.3183,0.471,1.0075,11.7472,0.01505,goal,5
blocked_road,RRT*,11,1,154.563,1.0489,0.0303,0.9175,24.7324,0.57401,goal,5
blocked_road,RRT*+Bezier,11,1,154.563,1.0489,0.0303,0.9175,24.7324,0.57882,goal,5
blocked_road,Hybrid,11,1,183.721,1.2468,0.1919,3.5042,41.6852,0.29987,goal,5
blocked_road,Modified,11,1,191.136,1.2971,0.0892,5.9994,35.9225,0.38345,goal,5
blocked_road,APF,12,0,78.4,0.5428,0.7418,1.6873,34.6307,0.02151,goal,5
blocked_road,RRT*,12,1,144.212,0.9985,0.044,1.2156,25.1831,0.98599,goal,5
blocked_road,RRT*+Bezier,12,1,144.212,0.9985,0.044,1.2156,25.1831,0.98851,goal,5
blocked_road,Hybrid,12,1,165.567,1.1464,0.3851,2.1854,50.9784,1.00898,goal,5
blocked_road,Modified,12,1,213.105,1.4755,0.1381,2.6967,49.5447,1.13345,goal,5
blocked_road,APF,13,1,187.6,1.3042,1.1978,3.3423,87.1768,0.04016,goal,5
blocked_road,RRT*,13,1,147.871,1.028,0.0464,1.5179,26.0353,1.29551,goal,5
blocked_road,RRT*+Bezier,13,1,147.871,1.028,0.0464,1.5179,26.0353,1.30438,goal,5
blocked_road,Hybrid,13,1,170.483,1.1852,0.7751,1.7158,71.1941,0.3858,goal,5
blocked_road,Modified,13,1,157.926,1.0979,0.5104,2.9791,50.0955,0.17116,goal,5
blocked_road,APF,14,0,2800.0,18.7777,4.3567,10.472,1711.8883,0.50091,goal,5
blocked_road,RRT*,14,1,150.281,1.0078,0.0392,1.4167,25.1975,0.5385,goal,5
blocked_road,RRT*+Bezier,14,1,150.281,1.0078,0.0392,1.4167,25.1975,0.55246,goal,5
blocked_road,Hybrid,14,1,207.897,1.3942,0.3897,3.4103,54.3884,0.4498,goal,5
blocked_road,Modified,14,1,207.384,1.3908,0.1701,5.1914,46.5776,0.519,goal,5
blocked_road,APF,15,0,91.7,0.6126,1.0952,8.8649,37.3804,0.0215,goal,5
blocked_road,RRT*,15,1,153.851,1.0277,0.03,1.4616,24.1339,0.89957,goal,5
blocked_road,RRT*+Bezier,15,1,153.851,1.0277,0.03,1.4616,24.1339,0.92342,goal,5
blocked_road,Hybrid,15,1,264.627,1.7677,0.2854,3.4144,64.1949,1.67315,goal,5
blocked_road,Modified,15,1,199.987,1.3359,0.1895,4.6375,47.3206,1.47731,goal,5
blocked_road,APF,16,0,2800.0,19.154,3.7705,10.1498,1945.3469,0.49751,goal,5
blocked_road,RRT*,16,1,146.149,0.9998,0.0549,1.2254,27.2788,0.814,goal,5
blocked_road,RRT*+Bezier,16,1,146.149,0.9998,0.0549,1.2254,27.2788,0.84189,goal,5
blocked_road,Hybrid,16,1,219.333,1.5004,0.5595,4.7086,68.8569,0.2664,goal,5
blocked_road,Modified,16,1,207.376,1.4186,0.2664,3.7424,55.5918,0.23887,goal,5
blocked_road,APF,17,0,46.9,0.3234,0.471,1.0075,11.7472,0.01518,goal,5
blocked_road,RRT*,17,1,149.874,1.0335,0.0461,0.8967,27.0985,0.4443,goal,5
blocked_road,RRT*+Bezier,17,1,149.874,1.0335,0.0461,0.8967,27.0985,0.43659,goal,5
blocked_road,Hybrid,17,1,187.68,1.2942,0.1646,3.7881,37.4562,0.71164,goal,5
blocked_road,Modified,17,1,196.375,1.3542,0.0882,3.4165,38.3905,0.70657,goal,5
blocked_road,APF,18,1,172.2,1.1875,0.8804,2.0371,67.386,0.04009,goal,5
blocked_road,RRT*,18,1,146.833,1.0126,0.0444,1.7807,25.337,0.37244,goal,5
blocked_road,RRT*+Bezier,18,1,146.833,1.0126,0.0444,1.7807,25.337,0.39061,goal,5
blocked_road,Hybrid,18,1,168.415,1.1614,0.6404,2.4576,65.4815,0.05116,goal,5
blocked_road,Modified,18,1,152.063,1.0486,0.3254,1.2705,43.4531,0.15236,goal,5
blocked_road,APF,19,0,2800.0,19.0775,4.095,10.4771,1791.7924,0.49759,goal,5
blocked_road,RRT*,19,1,148.38,1.011,0.0295,1.3044,23.1549,0.12472,goal,5
blocked_road,RRT*+Bezier,19,1,148.38,1.011,0.0295,1.3044,23.1549,0.12835,goal,5
blocked_road,Hybrid,19,1,206.102,1.4043,0.5382,3.6874,63.6612,0.15152,goal,5
blocked_road,Modified,19,1,200.359,1.3651,0.2515,5.1397,51.5137,0.37337,goal,5
