instance,speed_factor,driver,success,reached,collided,steps,replans,comp_time,collision_checks,path_length
0,0.5,APF reactive,1,1,0,119,0,0.01349,357,83.3
0,0.5,RRT* plan once,0,0,1,44,0,0.04147,7169,30.8
0,0.5,RRT* replan,1,1,0,134,4,0.20594,33852,93.8
0,0.5,Modified plan once,0,0,1,44,0,0.01223,342,30.8
0,0.5,Modified replan,1,1,0,136,5,0.12077,7061,95.2
0,1.0,APF reactive,1,1,0,116,0,0.01215,348,81.2
0,1.0,RRT* plan once,0,0,1,50,0,0.04099,7169,35.0
0,1.0,RRT* replan,1,1,0,138,4,0.1665,28492,96.6
0,1.0,Modified plan once,1,1,0,114,0,0.01178,342,79.8
0,1.0,Modified replan,1,1,0,122,7,0.12419,9304,85.4
0,1.5,APF reactive,0,0,1,55,0,0.00632,165,38.5
0,1.5,RRT* plan once,0,0,1,55,0,0.04032,7169,38.5
0,1.5,RRT* replan,0,0,1,79,25,0.92019,135814,55.3
0,1.5,Modified plan once,0,0,1,55,0,0.01177,342,38.5
0,1.5,Modified replan,0,0,1,57,6,0.63595,49110,39.9
1,0.5,APF reactive,0,0,1,87,0,0.00989,261,60.9
1,0.5,RRT* plan once,1,1,0,133,0,0.03411,5583,93.1
1,0.5,RRT* replan,0,1,1,122,21,0.61803,105658,85.4
1,0.5,Modified plan once,0,0,1,47,0,0.01634,418,32.9
1,0.5,Modified replan,1,1,0,148,6,0.1793,11788,103.6
1,1.0,APF reactive,1,1,0,118,0,0.01301,354,82.6
1,1.0,RRT* plan once,1,1,0,133,0,0.03483,5583,93.1
1,1.0,RRT* replan,0,1,1,120,7,0.2362,40859,84.0
1,1.0,Modified plan once,0,0,1,63,0,0.01632,418,44.1
1,1.0,Modified replan,0,1,1,115,6,0.08703,3919,80.5
1,1.5,APF reactive,1,1,0,126,0,0.01351,378,88.2
1,1.5,RRT* plan once,0,0,1,72,0,0.03416,5583,50.4
1,1.5,RRT* replan,0,1,1,133,8,0.26443,44389,93.1
1,1.5,Modified plan once,0,0,1,45,0,0.01659,418,31.5
1,1.5,Modified replan,0,0,1,49,6,0.67165,42430,34.3
2,0.5,APF reactive,1,1,0,117,0,0.01224,351,81.9
2,0.5,RRT* plan once,1,1,0,116,0,0.03109,5299,81.2
2,0.5,RRT* replan,1,1,0,122,1,0.05225,9141,85.4
2,0.5,Modified plan once,0,0,1,48,0,0.01172,342,33.6
2,0.5,Modified replan,0,1,1,115,3,0.07979,4027,80.5
2,1.0,APF reactive,1,1,0,114,0,0.01192,342,79.8
2,1.0,RRT* plan once,1,1,0,116,0,0.0312,5299,81.2
2,1.0,RRT* replan,1,1,0,117,3,0.10232,17686,81.9
2,1.0,Modified plan once,1,1,0,114,0,0.01206,342,79.8
2,1.0,Modified replan,1,1,0,114,5,0.06179,1493,79.8
2,1.5,APF reactive,0,0,1,45,0,0.00538,135,31.5
2,1.5,RRT* plan once,1,1,0,116,0,0.03086,5299,81.2
2,1.5,RRT* replan,1,1,0,117,6,0.18771,32444,81.9
2,1.5,Modified plan once,0,0,1,45,0,0.01179,342,31.5
2,1.5,Modified replan,0,1,1,116,11,0.17088,6483,81.2
3,0.5,APF reactive,0,0,0,1500,0,0.19789,4500,1050.0
3,0.5,RRT* plan once,1,1,0,117,0,0.04027,6920,81.9
3,0.5,RRT* replan,1,1,0,118,1,0.10716,17710,82.6
3,0.5,Modified plan once,1,1,0,119,0,0.03299,1022,83.3
3,0.5,Modified replan,1,1,0,120,5,0.0787,2775,84.0
3,1.0,APF reactive,0,0,0,1500,0,0.19532,4500,1050.0
3,1.0,RRT* plan once,0,0,1,53,0,0.04017,6920,37.1
3,1.0,RRT* replan,1,1,0,130,1,0.09991,16002,91.0
3,1.0,Modified plan once,1,1,0,119,0,0.03133,1022,83.3
3,1.0,Modified replan,1,1,0,120,4,0.0635,2503,84.0
3,1.5,APF reactive,0,0,0,1500,0,0.19552,4500,1050.0
3,1.5,RRT* plan once,0,0,1,64,0,0.03976,6920,44.8
3,1.5,RRT* replan,0,0,1,72,13,0.76381,92736,50.4
3,1.5,Modified plan once,0,0,1,61,0,0.03137,1022,42.7
3,1.5,Modified replan,1,1,0,135,7,0.16966,10908,94.5
4,0.5,APF reactive,0,0,1,71,0,0.00788,213,49.7
4,0.5,RRT* plan once,0,0,1,62,0,0.07126,11825,43.4
4,0.5,RRT* replan,1,1,0,125,1,0.10355,16671,87.5
4,0.5,Modified plan once,0,0,1,60,0,0.01245,342,42.0
4,0.5,Modified replan,0,0,1,76,6,0.83328,74252,53.2
4,1.0,APF reactive,1,1,0,116,0,0.01262,348,81.2
4,1.0,RRT* plan once,0,0,1,45,0,0.07324,11825,31.5
4,1.0,RRT* replan,1,1,0,125,2,0.1366,22057,87.5
4,1.0,Modified plan once,0,0,1,46,0,0.01177,342,32.2
4,1.0,Modified replan,0,1,1,116,9,0.10418,2583,81.2
4,1.5,APF reactive,1,1,0,114,0,0.01206,342,79.8
4,1.5,RRT* plan once,0,0,1,55,0,0.0713,11825,38.5
4,1.5,RRT* replan,1,1,0,131,5,0.21872,36122,91.7
4,1.5,Modified plan once,1,1,0,114,0,0.01177,342,79.8
4,1.5,Modified replan,1,1,0,118,6,0.10392,3839,82.6
5,0.5,APF reactive,1,1,0,116,0,0.01245,348,81.2
5,0.5,RRT* plan once,0,0,1,75,0,0.03912,6582,52.5
5,0.5,RRT* replan,0,1,1,124,2,0.09662,16312,86.8
5,0.5,Modified plan once,0,0,1,66,0,0.01225,342,46.2
5,0.5,Modified replan,0,1,1,115,8,0.06907,1739,80.5
5,1.0,APF reactive,1,1,0,119,0,0.0129,357,83.3
5,1.0,RRT* plan once,1,1,0,117,0,0.04018,6582,81.9
5,1.0,RRT* replan,1,1,0,128,1,0.08499,14473,89.6
5,1.0,Modified plan once,0,0,1,54,0,0.01252,342,37.8
5,1.0,Modified replan,1,1,0,127,6,0.10772,5839,88.9
5,1.5,APF reactive,0,0,1,51,0,0.00663,153,35.7
5,1.5,RRT* plan once,0,0,1,47,0,0.03978,6582,32.9
5,1.5,RRT* replan,0,0,1,90,24,1.06647,151141,63.0
5,1.5,Modified plan once,0,0,1,49,0,0.01219,342,34.3
5,1.5,Modified replan,0,0,1,52,7,0.60978,52309,36.4
6,0.5,APF reactive,0,0,1,81,0,0.00943,243,56.7
6,0.5,RRT* plan once,1,1,0,123,0,0.05016,7816,86.1
6,0.5,RRT* replan,1,1,0,141,3,0.15803,25992,98.7
6,0.5,Modified plan once,0,0,1,47,0,0.0168,415,32.9
6,0.5,Modified replan,1,1,0,131,5,0.1003,6158,91.7
6,1.0,APF reactive,0,0,1,51,0,0.00633,153,35.7
6,1.0,RRT* plan once,1,1,0,123,0,0.0499,7816,86.1
6,1.0,RRT* replan,1,1,0,131,4,0.16648,27841,91.7
6,1.0,Modified plan once,0,0,1,51,0,0.01665,415,35.7
6,1.0,Modified replan,0,1,1,115,7,0.10667,3192,80.5
6,1.5,APF reactive,1,1,0,115,0,0.01251,345,80.5
6,1.5,RRT* plan once,0,0,1,60,0,0.04999,7816,42.0
6,1.5,RRT* replan,0,0,1,84,24,0.9265,132444,58.8
6,1.5,Modified plan once,1,1,0,114,0,0.01682,415,79.8
6,1.5,Modified replan,1,1,0,114,6,0.05609,1441,79.8
7,0.5,APF reactive,1,1,0,115,0,0.01243,345,80.5
7,0.5,RRT* plan once,0,0,1,54,0,0.03885,6401,37.8
7,0.5,RRT* replan,1,1,0,134,2,0.08703,14426,93.8
7,0.5,Modified plan once,0,0,1,67,0,0.0122,342,46.9
7,0.5,Modified replan,0,1,1,114,4,0.03917,1059,79.8
7,1.0,APF reactive,1,1,0,127,0,0.01367,381,88.9
7,1.0,RRT* plan once,1,1,0,128,0,0.04545,6401,89.6
7,1.0,RRT* replan,0,1,1,141,20,0.59164,98248,98.7
7,1.0,Modified plan once,0,0,1,51,0,0.01223,342,35.7
7,1.0,Modified replan,0,1,1,124,6,0.12063,6337,86.8
7,1.5,APF reactive,1,1,0,118,0,0.01277,354,82.6
7,1.5,RRT* plan once,0,0,1,67,0,0.03986,6401,46.9
7,1.5,RRT* replan,0,1,1,137,12,0.42826,69717,95.9
7,1.5,Modified plan once,0,0,1,66,0,0.0122,342,46.2
7,1.5,Modified replan,0,0,1,70,10,0.71266,53241,49.0
8,0.5,APF reactive,1,1,0,114,0,0.01237,342,79.8
8,0.5,RRT* plan once,1,1,0,115,0,0.04657,7807,80.5
8,0.5,RRT* replan,1,1,0,136,1,0.07196,11697,95.2
8,0.5,Modified plan once,1,1,0,114,0,0.01186,342,79.8
8,0.5,Modified replan,1,1,0,114,1,0.0184,519,79.8
8,1.0,APF reactive,1,1,0,115,0,0.01221,345,80.5
8,1.0,RRT* plan once,0,0,1,45,0,0.04862,7807,31.5
8,1.0,RRT* replan,1,1,0,120,2,0.08962,14611,84.0
8,1.0,Modified plan once,0,0,1,66,0,0.01188,342,46.2
8,1.0,Modified replan,0,1,1,114,6,0.09636,5402,79.8
8,1.5,APF reactive,0,0,1,69,0,0.00772,207,48.3
8,1.5,RRT* plan once,0,0,1,52,0,0.04618,7807,36.4
8,1.5,RRT* replan,0,0,1,73,6,0.40561,42319,51.1
8,1.5,Modified plan once,0,0,1,66,0,0.01186,342,46.2
8,1.5,Modified replan,0,0,1,69,9,0.69703,42599,48.3
9,0.5,APF reactive,1,1,0,115,0,0.01204,345,80.5
9,0.5,RRT* plan once,1,1,0,115,0,0.04644,7896,80.5
9,0.5,RRT* replan,0,1,1,125,3,0.13963,22931,87.5
9,0.5,Modified plan once,0,0,1,64,0,0.01185,342,44.8
9,0.5,Modified replan,1,1,0,114,3,0.03298,889,79.8
9,1.0,APF reactive,1,1,0,114,0,0.01198,342,79.8
9,1.0,RRT* plan once,0,0,1,59,0,0.04659,7896,41.3
9,1.0,RRT* replan,1,1,0,119,1,0.08235,13928,83.3
9,1.0,Modified plan once,1,1,0,114,0,0.01183,342,79.8
9,1.0,Modified replan,1,1,0,114,4,0.06893,2552,79.8
9,1.5,APF reactive,1,1,0,116,0,0.01215,348,81.2
9,1.5,RRT* plan once,1,1,0,115,0,0.04658,7896,80.5
9,1.5,RRT* replan,0,1,1,125,8,0.24378,42016,87.5
9,1.5,Modified plan once,0,0,1,59,0,0.01182,342,41.3
9,1.5,Modified replan,0,1,1,114,7,0.09749,5033,79.8
