scenario,algorithm,instance,repeat,success,path_length,astar_length,length_ratio,comp_time,smoothness,curvature,max_curvature,clearance_min,clearance_mean,total_turning,sharp_turns,radius_violated,drive_time_curved,switches,false_alarm,time_to_detection,collision_checks
normal_city,APF,0,0,0,45.5,144.912,0.314,0.01176,0.0865,0.3822,0.8049,1.528,2.663,17.3883,16,1,12.0872,0,0,nan,197
normal_city,RRT*,0,0,1,145.949,144.912,1.0072,0.15993,0.1119,0.0626,1.3,2.035,5.069,9.1415,9,1,29.1781,0,0,nan,10385
normal_city,RRT*+Bezier,0,0,1,145.949,144.912,1.0072,0.1641,0.1119,0.0626,1.3,2.035,5.069,9.1415,9,1,29.1781,0,0,nan,10442
normal_city,Hybrid,0,0,1,165.807,144.912,1.1442,0.18603,0.0961,0.1822,3.4963,1.528,3.761,30.2023,27,1,40.5961,1,1,nan,11747
normal_city,Modified,0,0,1,162.323,144.912,1.1202,0.12701,0.0415,0.1261,3.4517,1.528,3.502,20.47,14,1,36.2488,1,1,nan,6398
normal_city,Adaptive,0,0,1,165.694,144.912,1.1434,0.26076,0.0847,0.1621,3.8729,1.528,3.749,26.8662,24,1,37.4593,1,1,nan,14015
normal_city,Bezier,0,0,1,160.82,144.912,1.1098,0.18804,0.0416,0.1283,3.6726,1.528,3.486,20.6331,14,1,34.7179,1,1,nan,9942
normal_city,APF,1,0,1,173.6,140.811,1.2329,0.04164,0.2358,1.0542,2.66,1.759,2.934,183.008,110,1,70.9311,0,0,nan,744
normal_city,RRT*,1,0,1,151.463,140.811,1.0756,0.4313,0.0981,0.0509,0.979,1.975,3.966,7.7053,6,1,28.5599,0,0,nan,25101
normal_city,RRT*+Bezier,1,0,1,151.463,140.811,1.0756,0.45387,0.0981,0.0509,0.979,1.975,3.966,7.7053,6,1,28.5599,0,0,nan,25148
normal_city,Hybrid,1,0,1,173.6,140.811,1.2329,0.03589,0.2358,1.0542,2.66,1.759,2.934,183.008,110,1,70.9311,0,0,nan,744
normal_city,Modified,1,0,1,153.488,140.811,1.09,0.13657,0.0571,0.4921,2.4722,1.759,2.901,75.5256,37,1,46.8753,0,0,nan,1730
normal_city,Adaptive,1,0,1,173.6,140.811,1.2329,0.09348,0.2358,1.0542,2.66,1.759,2.934,183.008,110,1,70.9311,0,0,nan,744
normal_city,Bezier,1,0,1,153.488,140.811,1.09,0.23015,0.0571,0.4921,2.4722,1.759,2.901,75.5256,37,1,46.8753,0,0,nan,1730
normal_city,APF,2,0,1,182.7,143.74,1.271,0.03289,0.265,1.1849,4.3135,1.794,3.244,216.4797,123,1,71.3481,0,0,nan,783
normal_city,RRT*,2,0,1,148.72,143.74,1.0346,0.31983,0.1575,0.0832,1.445,1.561,3.937,12.3713,13,1,33.3025,0,0,nan,18290
normal_city,RRT*+Bezier,2,0,1,145.755,143.74,1.014,0.33596,0.0925,0.0817,1.4712,1.561,3.807,11.9102,11,1,31.762,0,0,nan,18453
normal_city,Hybrid,2,0,1,182.7,143.74,1.271,0.03281,0.265,1.1849,4.3135,1.794,3.244,216.4797,123,1,71.3481,0,0,nan,783
normal_city,Modified,2,0,1,167.9,143.74,1.1681,0.11002,0.1048,0.814,4.0922,1.794,3.15,136.6723,63,1,53.2322,0,0,nan,1624
normal_city,Adaptive,2,0,1,182.7,143.74,1.271,0.0834,0.265,1.1849,4.3135,1.794,3.244,216.4797,123,1,71.3481,0,0,nan,783
normal_city,Bezier,2,0,1,167.9,143.74,1.1681,0.12522,0.1048,0.814,4.0922,1.794,3.15,136.6723,63,1,53.2322,0,0,nan,1624
normal_city,APF,3,0,1,172.9,143.74,1.2029,0.02889,0.2329,1.0411,3.2359,1.759,3.637,180.0044,113,1,65.8114,0,0,nan,741
normal_city,RRT*,3,0,1,157.433,143.74,1.0953,0.17256,0.0938,0.0524,1.1281,1.66,4.736,8.248,8,1,30.0431,0,0,nan,11392
normal_city,RRT*+Bezier,3,0,1,156.775,143.74,1.0907,0.18106,0.0382,0.046,1.2417,1.85,4.169,7.2099,6,1,27.455,0,0,nan,11687
normal_city,Hybrid,3,0,1,172.9,143.74,1.2029,0.02986,0.2329,1.0411,3.2359,1.759,3.637,180.0044,113,1,65.8114,0,0,nan,741
normal_city,Modified,3,0,1,152.107,143.74,1.0582,0.10331,0.0544,0.4583,2.9344,1.759,3.301,69.7148,36,1,44.2526,0,0,nan,1651
normal_city,Adaptive,3,0,1,172.9,143.74,1.2029,0.04478,0.2329,1.0411,3.2359,1.759,3.637,180.0044,113,1,65.8114,0,0,nan,741
normal_city,Bezier,3,0,1,152.107,143.74,1.0582,0.09425,0.0544,0.4583,2.9344,1.759,3.301,69.7148,36,1,44.2526,0,0,nan,1651
normal_city,APF,4,0,1,168.0,139.64,1.2031,0.05493,0.2288,1.0225,1.9376,1.82,3.285,171.7783,116,1,64.8145,0,0,nan,720
normal_city,RRT*,4,0,1,151.49,139.64,1.0849,0.33853,0.1299,0.062,1.121,1.596,4.275,9.385,9,1,30.7045,0,0,nan,9975
normal_city,RRT*+Bezier,4,0,1,151.49,139.64,1.0849,0.32936,0.1299,0.062,1.121,1.596,4.275,9.385,9,1,30.7045,0,0,nan,10024
normal_city,Hybrid,4,0,1,168.0,139.64,1.2031,0.05994,0.2288,1.0225,1.9376,1.82,3.285,171.7783,116,1,64.8145,0,0,nan,720
normal_city,Modified,4,0,1,148.955,139.64,1.0667,0.17623,0.051,0.4412,2.0041,1.82,3.099,65.7178,35,1,44.543,0,0,nan,1704
normal_city,Adaptive,4,0,1,168.0,139.64,1.2031,0.05567,0.2288,1.0225,1.9376,1.82,3.285,171.7783,116,1,64.8145,0,0,nan,720
normal_city,Bezier,4,0,1,148.955,139.64,1.0667,0.10246,0.051,0.4412,2.0041,1.82,3.099,65.7178,35,1,44.543,0,0,nan,1704
normal_city,APF,5,0,1,172.2,143.154,1.2029,0.03393,0.2379,1.0635,3.3141,1.768,3.915,183.1324,107,1,61.351,0,0,nan,738
normal_city,RRT*,5,0,1,152.01,143.154,1.0619,0.1397,0.1214,0.0627,1.3325,1.54,4.893,9.5342,10,1,31.2141,0,0,nan,8443
normal_city,RRT*+Bezier,5,0,1,148.837,143.154,1.0397,0.18241,0.0618,0.0522,1.2826,1.54,4.561,7.7623,5,1,27.9019,0,0,nan,8637
normal_city,Hybrid,5,0,1,172.2,143.154,1.2029,0.03467,0.2379,1.0635,3.3141,1.768,3.915,183.1324,107,1,61.351,0,0,nan,738
normal_city,Modified,5,0,1,146.469,143.154,1.0232,0.26081,0.0357,0.2442,1.4061,1.768,3.636,35.774,20,1,34.9619,0,0,nan,1396
normal_city,Adaptive,5,0,1,172.2,143.154,1.2029,0.08307,0.2379,1.0635,3.3141,1.768,3.915,183.1324,107,1,61.351,0,0,nan,738
normal_city,Bezier,5,0,1,146.469,143.154,1.0232,0.30838,0.0357,0.2442,1.4061,1.768,3.636,35.774,20,1,34.9619,0,0,nan,1396
normal_city,APF,6,0,0,2800.0,143.154,19.5593,0.65536,0.9572,4.2946,10.472,1.742,2.419,12024.923,3881,1,1697.4033,0,0,nan,12000
normal_city,RRT*,6,0,1,141.152,143.154,0.986,0.13232,0.0977,0.0522,1.1138,2.155,4.245,7.37,6,1,26.2967,0,0,nan,9184
normal_city,RRT*+Bezier,6,0,1,141.152,143.154,0.986,0.15249,0.0977,0.0522,1.1138,2.155,4.245,7.37,6,1,26.2967,0,0,nan,9225
normal_city,Hybrid,6,0,1,222.831,143.154,1.5566,0.09433,0.3064,0.9589,4.6076,1.742,2.864,213.683,121,1,83.2361,1,1,nan,4596
normal_city,Modified,6,0,1,195.575,143.154,1.3662,0.20284,0.077,0.4282,3.1056,1.742,2.819,83.7479,42,1,54.623,1,1,nan,4736
normal_city,Adaptive,6,0,1,285.115,143.154,1.9917,0.38578,0.3207,0.8622,6.0528,1.66,2.97,245.8307,132,1,96.3866,1,1,nan,18145
normal_city,Bezier,6,0,1,165.499,143.154,1.1561,0.19854,0.095,0.6257,4.3987,1.742,2.822,103.55,44,1,48.231,1,1,nan,6670
normal_city,APF,7,0,1,177.8,140.811,1.2627,0.06882,0.2524,1.1285,4.6259,1.956,2.918,200.6485,122,1,68.3969,0,0,nan,762
normal_city,RRT*,7,0,1,148.947,140.811,1.0578,0.42668,0.1265,0.0614,1.1565,1.576,3.783,9.1424,9,1,29.9586,0,0,nan,19970
normal_city,RRT*+Bezier,7,0,1,148.947,140.811,1.0578,0.38073,0.1265,0.0614,1.1565,1.576,3.783,9.1424,9,1,29.9586,0,0,nan,20020
normal_city,Hybrid,7,0,1,177.8,140.811,1.2627,0.05768,0.2524,1.1285,4.6259,1.956,2.918,200.6485,122,1,68.3969,0,0,nan,762
normal_city,Modified,7,0,1,154.184,140.811,1.095,0.21147,0.059,0.5123,2.8029,1.996,2.895,78.9859,43,1,49.8297,0,0,nan,1748
normal_city,Adaptive,7,0,1,177.8,140.811,1.2627,0.05926,0.2524,1.1285,4.6259,1.956,2.918,200.6485,122,1,68.3969,0,0,nan,762
normal_city,Bezier,7,0,1,154.184,140.811,1.095,0.12621,0.059,0.5123,2.8029,1.996,2.895,78.9859,43,1,49.8297,0,0,nan,1748
normal_city,APF,8,0,1,181.3,141.983,1.2769,0.03382,0.2579,1.1531,4.2008,1.742,3.311,209.0536,119,1,70.6932,0,0,nan,777
normal_city,RRT*,8,0,1,156.793,141.983,1.1043,0.51002,0.121,0.0558,1.1108,1.6,4.262,8.7451,10,1,30.6208,0,0,nan,20919
normal_city,RRT*+Bezier,8,0,1,154.557,141.983,1.0886,0.39208,0.0565,0.0437,1.052,1.6,4.014,6.75,6,1,26.928,0,0,nan,21114
normal_city,Hybrid,8,0,1,181.3,141.983,1.2769,0.03366,0.2579,1.1531,4.2008,1.742,3.311,209.0536,119,1,70.6932,0,0,nan,777
normal_city,Modified,8,0,1,159.262,141.983,1.1217,0.14772,0.0764,0.6046,2.7456,1.742,3.129,96.2902,46,1,48.8216,0,0,nan,1622
normal_city,Adaptive,8,0,1,181.3,141.983,1.2769,0.05283,0.2579,1.1531,4.2008,1.742,3.311,209.0536,119,1,70.6932,0,0,nan,777
normal_city,Bezier,8,0,1,159.262,141.983,1.1217,0.10871,0.0764,0.6046,2.7456,1.742,3.129,96.2902,46,1,48.8216,0,0,nan,1622
normal_city,APF,9,0,1,170.8,141.397,1.2079,0.03488,0.2303,1.0295,3.1577,1.78,3.778,175.847,105,1,61.9027,0,0,nan,732
normal_city,RRT*,9,0,1,152.543,141.397,1.0788,0.3716,0.1594,0.0821,1.5292,1.51,5.074,12.5218,12,1,34.1136,0,0,nan,16687
normal_city,RRT*+Bezier,9,0,1,148.338,141.397,1.0491,0.31873,0.0909,0.0751,1.2857,1.51,5.693,11.1383,7,1,31.6572,0,0,nan,16860
normal_city,Hybrid,9,0,1,170.8,141.397,1.2079,0.0301,0.2303,1.0295,3.1577,1.78,3.778,175.847,105,1,61.9027,0,0,nan,732
normal_city,Modified,9,0,1,155.715,141.397,1.1013,0.11938,0.0783,0.6063,3.1949,1.779,3.401,94.4109,47,1,46.2416,0,0,nan,1503
normal_city,Adaptive,9,0,1,170.8,141.397,1.2079,0.05144,0.2303,1.0295,3.1577,1.78,3.778,175.847,105,1,61.9027,0,0,nan,732
normal_city,Bezier,9,0,1,155.715,141.397,1.1013,0.08945,0.0783,0.6063,3.1949,1.779,3.401,94.4109,47,1,46.2416,0,0,nan,1503
normal_city,APF,10,0,1,174.3,143.154,1.2176,0.03719,0.2372,1.0602,2.7664,1.759,3.169,184.7952,116,1,71.5104,0,0,nan,747
normal_city,RRT*,10,0,1,146.776,143.154,1.0253,0.15677,0.1276,0.0656,1.1639,1.538,4.859,9.6244,12,1,31.1324,0,0,nan,9851
normal_city,RRT*+Bezier,10,0,1,146.776,143.154,1.0253,0.19178,0.1276,0.0656,1.1639,1.538,4.859,9.6244,12,1,31.1324,0,0,nan,9903
normal_city,Hybrid,10,0,1,174.3,143.154,1.2176,0.03845,0.2372,1.0602,2.7664,1.759,3.169,184.7952,116,1,71.5104,0,0,nan,747
normal_city,Modified,10,0,1,156.32,143.154,1.092,0.11325,0.0651,0.5394,2.9272,1.759,3.009,84.3124,45,1,47.1874,0,0,nan,1657
normal_city,Adaptive,10,0,1,174.3,143.154,1.2176,0.04862,0.2372,1.0602,2.7664,1.759,3.169,184.7952,116,1,71.5104,0,0,nan,747
normal_city,Bezier,10,0,1,156.32,143.154,1.092,0.0912,0.0651,0.5394,2.9272,1.759,3.009,84.3124,45,1,47.1874,0,0,nan,1657
normal_city,APF,11,0,1,172.9,141.983,1.2178,0.03229,0.2319,1.0364,2.4309,1.742,2.931,179.2008,113,1,66.5207,0,0,nan,741
normal_city,RRT*,11,0,1,158.959,141.983,1.1196,0.3212,0.1145,0.0611,1.0973,1.608,3.5,9.709,12,1,32.1386,0,0,nan,17274
normal_city,RRT*+Bezier,11,0,1,157.44,141.983,1.1089,0.29881,0.0408,0.0464,1.2321,1.694,3.394,7.3044,7,1,27.386,0,0,nan,17601
normal_city,Hybrid,11,0,1,172.9,141.983,1.2178,0.03501,0.2319,1.0364,2.4309,1.742,2.931,179.2008,113,1,66.5207,0,0,nan,741
normal_city,Modified,11,0,1,157.402,141.983,1.1086,0.10585,0.0768,0.6143,2.7492,1.742,2.929,96.6929,55,1,51.1025,0,0,nan,1581
normal_city,Adaptive,11,0,1,172.9,141.983,1.2178,0.0615,0.2319,1.0364,2.4309,1.742,2.931,179.2008,113,1,66.5207,0,0,nan,741
normal_city,Bezier,11,0,1,157.402,141.983,1.1086,0.10146,0.0768,0.6143,2.7492,1.742,2.929,96.6929,55,1,51.1025,0,0,nan,1581
normal_city,APF,12,0,0,2800.0,141.397,19.8024,0.43088,0.8959,4.0197,10.0066,1.768,2.501,11255.2316,3883,1,1778.9694,0,0,nan,12000
normal_city,RRT*,12,0,1,153.737,141.397,1.0873,0.29723,0.1151,0.0635,1.0867,1.947,3.673,9.7594,11,1,31.9156,0,0,nan,17914
normal_city,RRT*+Bezier,12,0,1,153.304,141.397,1.0842,0.30179,0.0676,0.0609,1.0102,1.947,3.824,9.3402,10,1,30.7304,0,0,nan,18070
normal_city,Hybrid,12,0,1,175.07,141.397,1.2381,0.09473,0.2692,0.9469,8.3582,1.768,2.831,165.7679,101,1,64.0572,1,1,nan,5870
normal_city,Modified,12,0,1,157.639,141.397,1.1149,0.1715,0.0899,0.6166,11.2469,1.713,2.806,97.2005,49,1,49.7442,1,1,nan,7246
normal_city,Adaptive,12,0,1,170.877,141.397,1.2085,0.19115,0.2746,0.9947,7.7259,1.599,2.799,169.9647,103,1,62.9748,1,1,nan,10012
normal_city,Bezier,12,0,1,156.552,141.397,1.1072,0.20908,0.0846,0.579,9.1146,1.768,2.81,90.6429,48,1,49.4575,1,1,nan,10181
normal_city,APF,13,0,1,175.0,140.811,1.2428,0.03568,0.242,1.0816,2.8597,1.742,2.912,189.2764,117,1,71.4081,0,0,nan,750
normal_city,RRT*,13,0,1,160.879,140.811,1.1425,0.28367,0.1225,0.0646,1.5129,1.915,4.076,10.3869,12,1,33.1724,0,0,nan,16994
normal_city,RRT*+Bezier,13,0,1,160.093,140.811,1.1369,0.34781,0.0704,0.0622,1.5166,1.915,3.89,9.9526,10,1,31.7011,0,0,nan,17177
normal_city,Hybrid,13,0,1,175.0,140.811,1.2428,0.03649,0.242,1.0816,2.8597,1.742,2.912,189.2764,117,1,71.4081,0,0,nan,750
normal_city,Modified,13,0,1,155.978,140.811,1.1077,0.10515,0.0676,0.5856,2.4808,1.742,2.914,91.3427,52,1,49.767,0,0,nan,1730
normal_city,Adaptive,13,0,1,175.0,140.811,1.2428,0.04693,0.242,1.0816,2.8597,1.742,2.912,189.2764,117,1,71.4081,0,0,nan,750
normal_city,Bezier,13,0,1,155.978,140.811,1.1077,0.09208,0.0676,0.5856,2.4808,1.742,2.914,91.3427,52,1,49.767,0,0,nan,1730
normal_city,APF,14,0,1,175.0,141.983,1.2325,0.03806,0.2393,1.0698,2.6361,1.794,2.96,187.2204,118,1,72.7203,0,0,nan,750
normal_city,RRT*,14,0,1,153.062,141.983,1.078,0.17991,0.1124,0.0554,1.258,2.071,3.835,8.4721,6,1,29.796,0,0,nan,11361
normal_city,RRT*+Bezier,14,0,1,153.062,141.983,1.078,0.17794,0.1124,0.0554,1.258,2.071,3.835,8.4721,6,1,29.796,0,0,nan,11406
normal_city,Hybrid,14,0,1,175.0,141.983,1.2325,0.03449,0.2393,1.0698,2.6361,1.794,2.96,187.2204,118,1,72.7203,0,0,nan,750
normal_city,Modified,14,0,1,152.87,141.983,1.0767,0.12169,0.0515,0.4405,2.379,1.794,2.902,67.3446,35,1,48.8988,0,0,nan,1736
normal_city,Adaptive,14,0,1,175.0,141.983,1.2325,0.04695,0.2393,1.0698,2.6361,1.794,2.96,187.2204,118,1,72.7203,0,0,nan,750
normal_city,Bezier,14,0,1,152.87,141.983,1.0767,0.10982,0.0515,0.4405,2.379,1.794,2.902,67.3446,35,1,48.8988,0,0,nan,1736
normal_city,APF,15,0,1,170.8,140.811,1.213,0.02864,0.2293,1.025,3.0979,1.759,3.79,175.0676,106,1,62.0011,0,0,nan,732
normal_city,RRT*,15,0,1,153.41,140.811,1.0895,0.22923,0.1128,0.0555,1.1642,1.848,5.639,8.5081,8,1,29.5209,0,0,nan,14345
normal_city,RRT*+Bezier,15,0,1,153.037,140.811,1.0868,0.23578,0.0627,0.0541,1.0542,2.372,4.794,8.2739,7,1,28.2238,0,0,nan,14507
normal_city,Hybrid,15,0,1,170.8,140.811,1.213,0.02943,0.2293,1.025,3.0979,1.759,3.79,175.0676,106,1,62.0011,0,0,nan,732
normal_city,Modified,15,0,1,156.729,140.811,1.113,0.09809,0.0803,0.6184,3.1218,1.759,3.426,96.9237,49,1,45.4362,0,0,nan,1502
normal_city,Adaptive,15,0,1,170.8,140.811,1.213,0.04124,0.2293,1.025,3.0979,1.759,3.79,175.0676,106,1,62.0011,0,0,nan,732
normal_city,Bezier,15,0,1,156.729,140.811,1.113,0.07771,0.0803,0.6184,3.1218,1.759,3.426,96.9237,49,1,45.4362,0,0,nan,1502
normal_city,APF,16,0,0,13.3,140.811,0.0945,0.01009,0.0143,0.0607,0.3974,1.88,3.333,0.8069,1,0,2.5633,0,0,nan,60
normal_city,RRT*,16,0,1,156.251,140.811,1.1096,0.41511,0.1295,0.0677,1.367,1.76,3.951,10.576,9,1,32.1609,0,0,nan,23008
normal_city,RRT*+Bezier,16,0,1,156.251,140.811,1.1096,0.42057,0.1295,0.0677,1.367,1.76,3.951,10.576,9,1,32.1609,0,0,nan,23068
normal_city,Hybrid,16,0,1,168.409,140.811,1.196,1.13645,0.1155,0.0948,4.2684,1.859,3.478,15.9601,15,1,39.3014,1,1,nan,60160
normal_city,Modified,16,0,1,173.532,140.811,1.2324,0.40809,0.0732,0.0808,3.8373,1.638,3.421,14.0233,13,1,37.2917,1,1,nan,22866
normal_city,Adaptive,16,0,1,171.271,140.811,1.2163,0.59348,0.1012,0.0835,3.4593,1.604,3.478,14.3074,12,1,36.9066,1,1,nan,29317
normal_city,Bezier,16,0,1,177.862,140.811,1.2631,0.31415,0.0677,0.0717,3.4384,1.728,3.418,12.7532,6,1,35.802,1,1,nan,17959
normal_city,APF,17,0,0,2800.0,141.983,19.7207,0.42379,0.8741,3.9218,8.7146,1.794,2.288,10981.0749,3926,1,1788.9963,0,0,nan,12000
normal_city,RRT*,17,0,1,156.0,141.983,1.0987,0.48483,0.1066,0.0537,1.2366,1.768,3.749,8.3708,6,1,30.0593,0,0,nan,26337
normal_city,RRT*+Bezier,17,0,1,156.0,141.983,1.0987,0.47205,0.1066,0.0537,1.2366,1.768,3.749,8.3708,6,1,30.0593,0,0,nan,26383
normal_city,Hybrid,17,0,1,165.706,141.983,1.1671,0.55008,0.2086,0.5972,7.1027,1.794,2.823,98.9611,72,1,53.6763,1,1,nan,29151
normal_city,Modified,17,0,1,193.739,141.983,1.3645,0.41584,0.0647,0.2907,7.2009,1.794,2.81,56.3131,32,1,53.3538,1,1,nan,16600
normal_city,Adaptive,17,0,1,169.435,141.983,1.1933,0.24828,0.2111,0.595,8.2924,1.794,2.825,100.8124,74,1,59.833,1,1,nan,14186
normal_city,Bezier,17,0,1,192.504,141.983,1.3558,0.47609,0.0584,0.2801,7.3379,1.794,2.845,53.9183,29,1,49.5524,1,1,nan,22659
normal_city,APF,18,0,1,176.4,140.811,1.2527,0.0328,0.248,1.1084,3.2263,1.78,2.973,195.5248,114,1,68.673,0,0,nan,756
normal_city,RRT*,18,0,1,148.115,140.811,1.0519,0.13656,0.1411,0.0778,1.3488,1.629,3.622,11.5228,12,1,32.7493,0,0,nan,9610
normal_city,RRT*+Bezier,18,0,1,148.115,140.811,1.0519,0.19029,0.1411,0.0778,1.3488,1.629,3.622,11.5228,12,1,32.7493,0,0,nan,9704
normal_city,Hybrid,18,0,1,176.4,140.811,1.2527,0.03533,0.248,1.1084,3.2263,1.78,2.973,195.5248,114,1,68.673,0,0,nan,756
normal_city,Modified,18,0,1,164.191,140.811,1.166,0.10052,0.1009,0.7899,3.806,1.779,2.926,129.7015,62,1,54.2753,0,0,nan,1599
normal_city,Adaptive,18,0,1,176.4,140.811,1.2527,0.04913,0.248,1.1084,3.2263,1.78,2.973,195.5248,114,1,68.673,0,0,nan,756
normal_city,Bezier,18,0,1,164.191,140.811,1.166,0.08573,0.1009,0.7899,3.806,1.779,2.926,129.7015,62,1,54.2753,0,0,nan,1599
normal_city,APF,19,0,0,58.1,140.811,0.4126,0.01452,0.0975,0.4324,1.8343,1.742,2.757,25.1209,24,1,18.3087,0,0,nan,251
normal_city,RRT*,19,0,1,154.57,140.811,1.0977,0.09262,0.1222,0.0671,0.7822,1.962,5.363,10.3657,13,1,32.4289,0,0,nan,6489
normal_city,RRT*+Bezier,19,0,1,154.57,140.811,1.0977,0.10947,0.1222,0.0671,0.7822,1.962,5.363,10.3657,13,1,32.4289,0,0,nan,6671
normal_city,Hybrid,19,0,1,166.021,140.811,1.179,0.1495,0.105,0.2047,4.6807,1.742,3.247,33.983,32,1,40.3054,1,1,nan,8111
normal_city,Modified,19,0,1,153.709,140.811,1.0916,0.17585,0.036,0.1259,1.882,1.731,3.065,19.3512,15,1,35.9176,1,1,nan,8353
normal_city,Adaptive,19,0,1,152.543,140.811,1.0833,0.14554,0.107,0.2247,1.204,1.742,3.205,34.2788,35,1,39.0541,1,1,nan,8711
normal_city,Bezier,19,0,1,147.121,140.811,1.0448,0.16425,0.0317,0.1258,1.9444,1.619,3.442,18.5131,13,1,33.8335,1,1,nan,9429
blocked_road,APF,0,0,0,45.5,151.941,0.2995,0.01122,0.0865,0.3822,0.8049,1.528,2.663,17.3883,16,1,12.0872,0,nan,nan,197
blocked_road,RRT*,0,0,1,156.509,151.941,1.0301,0.52087,0.0852,0.0445,1.2864,1.824,5.253,6.963,7,1,28.237,0,nan,nan,28054
blocked_road,RRT*+Bezier,0,0,1,155.787,151.941,1.0253,0.49444,0.0448,0.037,1.2454,1.982,4.404,5.7706,5,1,25.3774,0,nan,nan,28364
blocked_road,Hybrid,0,0,1,197.911,151.941,1.3025,0.77841,0.0948,0.1581,7.6203,1.528,3.859,31.2837,25,1,42.7396,1,nan,nan,39668
blocked_road,Modified,0,0,1,182.88,151.941,1.2036,0.23373,0.0518,0.1291,5.1442,1.528,3.354,23.6028,18,1,41.3226,1,nan,nan,12119
blocked_road,Adaptive,0,0,1,216.121,151.941,1.4224,0.66875,0.1008,0.1582,4.2024,1.528,3.639,34.1866,31,1,51.6996,1,nan,nan,35674
blocked_road,Bezier,0,0,1,167.288,151.941,1.101,0.71809,0.0354,0.1149,4.6527,1.528,3.46,19.2216,10,1,32.6964,1,nan,nan,37481
blocked_road,APF,1,0,0,2800.0,147.841,18.9393,0.41056,0.9833,4.4119,10.472,1.759,1.955,12353.4074,3945,1,1716.2,0,nan,nan,12000
blocked_road,RRT*,1,0,1,154.991,147.841,1.0484,0.75903,0.1391,0.0761,0.9435,1.889,3.998,11.7993,13,1,34.2453,0,nan,nan,38938
blocked_road,RRT*+Bezier,1,0,1,154.991,147.841,1.0484,0.77303,0.1391,0.0761,0.9435,1.889,3.998,11.7993,13,1,34.2453,0,nan,nan,39032
blocked_road,Hybrid,1,0,1,168.288,147.841,1.1383,0.11704,0.1688,0.3371,9.8911,1.57,2.865,56.7278,39,1,46.2187,1,nan,nan,7168
blocked_road,Modified,1,0,1,167.527,147.841,1.1332,0.2631,0.0756,0.2537,8.2985,1.759,2.926,42.496,21,1,42.9013,1,nan,nan,13637
blocked_road,Adaptive,1,0,1,165.444,147.841,1.1191,0.20386,0.1781,0.3586,11.5449,1.633,2.939,59.3217,40,1,45.5746,1,nan,nan,12660
blocked_road,Bezier,1,0,1,157.102,147.841,1.0626,0.46845,0.0684,0.2433,11.1507,1.57,2.894,38.2225,22,1,36.9878,1,nan,nan,24829
blocked_road,APF,2,0,0,49.0,148.426,0.3301,0.01185,0.082,0.3626,2.4012,1.501,2.83,17.7671,17,1,15.4986,0,nan,nan,213
blocked_road,RRT*,2,0,1,148.355,148.426,0.9995,2.52517,0.1045,0.0597,0.9525,2.196,4.192,8.8624,9,1,29.62,0,nan,nan,126598
blocked_road,RRT*+Bezier,2,0,1,148.355,148.426,0.9995,2.90564,0.1045,0.0597,0.9525,2.196,4.192,8.8624,9,1,29.62,0,nan,nan,126636
blocked_road,Hybrid,2,0,1,162.581,148.426,1.0954,0.87581,0.0878,0.168,5.959,1.501,3.373,27.3188,27,1,39.7017,1,nan,nan,42730
blocked_road,Modified,2,0,1,162.732,148.426,1.0964,1.16596,0.0431,0.1297,4.0701,1.501,3.211,21.1131,13,1,39.0559,1,nan,nan,46812
blocked_road,Adaptive,2,0,1,163.017,148.426,1.0983,0.86585,0.0963,0.1818,4.3106,1.501,3.283,29.6349,25,1,40.4606,1,nan,nan,21179
blocked_road,Bezier,2,0,1,158.789,148.426,1.0698,2.22337,0.0338,0.1145,4.1233,1.501,3.216,18.1738,7,1,34.1578,1,nan,nan,84081
blocked_road,APF,3,0,0,49.0,150.77,0.325,0.01101,0.0901,0.3987,0.7963,1.759,2.681,19.5344,20,1,14.3532,0,nan,nan,212
blocked_road,RRT*,3,0,1,157.083,150.77,1.0419,0.219,0.0844,0.0439,1.2181,1.53,6.182,6.8911,7,1,28.7063,0,nan,nan,13105
blocked_road,RRT*+Bezier,3,0,1,156.072,150.77,1.0352,0.22176,0.0472,0.038,1.223,1.53,6.943,5.9291,4,1,26.8869,0,nan,nan,13264
blocked_road,Hybrid,3,0,1,164.415,150.77,1.0905,0.13662,0.0831,0.1556,0.7917,1.701,4.347,25.5816,26,1,37.1541,1,nan,nan,9228
blocked_road,Modified,3,0,1,157.463,150.77,1.0444,0.17545,0.0218,0.0727,0.7634,1.759,3.74,11.4431,7,1,28.9001,1,nan,nan,10481
blocked_road,Adaptive,3,0,1,157.887,150.77,1.0472,0.15347,0.0793,0.1546,0.9249,1.759,4.148,24.4086,25,1,33.5205,1,nan,nan,11028
blocked_road,Bezier,3,0,1,155.269,150.77,1.0298,0.18732,0.0199,0.0748,0.3662,1.759,3.928,11.6093,6,0,26.9056,1,nan,nan,10362
blocked_road,APF,4,0,0,2800.0,150.77,18.5714,0.47543,0.8216,3.6866,9.2943,1.82,2.304,10322.4897,3925,1,1898.9165,0,nan,nan,12000
blocked_road,RRT*,4,0,1,154.832,150.77,1.0269,0.37652,0.0624,0.0317,1.2356,2.054,5.382,4.9032,5,1,25.0162,0,nan,nan,17717
blocked_road,RRT*+Bezier,4,0,1,154.134,150.77,1.0223,0.32847,0.0341,0.0278,1.3714,2.054,5.207,4.282,3,1,23.4602,0,nan,nan,17921
blocked_road,Hybrid,4,0,1,212.839,150.77,1.4117,0.11963,0.1905,0.5062,8.2049,1.82,3.487,107.73,79,1,62.0583,1,nan,76,7356
blocked_road,Modified,4,0,1,199.363,150.77,1.3223,0.16919,0.0465,0.222,1.8285,1.773,3.326,44.259,28,1,48.1613,1,nan,75,7720
blocked_road,Adaptive,4,0,1,219.12,150.77,1.4533,0.29971,0.1918,0.4868,7.6366,1.82,3.589,106.6665,77,1,61.2176,1,nan,75,16494
blocked_road,Bezier,4,0,1,197.272,150.77,1.3084,0.52795,0.0469,0.2287,2.0103,1.82,3.307,45.1073,27,1,48.5793,1,nan,76,22416
blocked_road,APF,5,0,1,169.4,147.255,1.1504,0.02871,0.1631,0.7288,2.4973,1.768,4.428,123.465,76,1,56.3559,0,nan,nan,726
blocked_road,RRT*,5,0,1,148.013,147.255,1.0051,0.33164,0.1007,0.0534,1.1647,1.648,4.654,7.9075,8,1,28.8481,0,nan,nan,16292
blocked_road,RRT*+Bezier,5,0,1,148.013,147.255,1.0051,0.33152,0.1007,0.0534,1.1647,1.648,4.654,7.9075,8,1,28.8481,0,nan,nan,16376
blocked_road,Hybrid,5,0,1,169.4,147.255,1.1504,0.02938,0.1631,0.7288,2.4973,1.768,4.428,123.465,76,1,56.3559,0,nan,nan,726
blocked_road,Modified,5,0,1,153.813,147.255,1.0445,0.13172,0.0416,0.3239,1.7996,1.768,3.749,49.8217,27,1,41.0821,0,nan,nan,1499
blocked_road,Adaptive,5,0,1,169.4,147.255,1.1504,0.04317,0.1631,0.7288,2.4973,1.768,4.428,123.465,76,1,56.3559,0,nan,nan,726
blocked_road,Bezier,5,0,1,153.813,147.255,1.0445,0.08686,0.0416,0.3239,1.7996,1.768,3.749,49.8217,27,1,41.0821,0,nan,nan,1499
blocked_road,APF,6,0,0,46.2,149.012,0.31,0.01263,0.0776,0.3429,1.2045,1.742,2.673,15.8432,17,1,12.9886,0,nan,nan,201
blocked_road,RRT*,6,0,1,155.529,149.012,1.0437,0.47441,0.0387,0.0219,1.4173,1.941,6.731,3.4006,1,1,23.0427,0,nan,nan,21953
blocked_road,RRT*+Bezier,6,0,1,155.529,149.012,1.0437,0.48988,0.0387,0.0219,1.4173,1.941,6.731,3.4006,1,1,23.0427,0,nan,nan,21963
blocked_road,Hybrid,6,0,1,160.834,149.012,1.0793,0.09814,0.0862,0.1632,1.3428,1.686,3.972,26.2538,28,1,37.6434,1,nan,nan,6070
blocked_road,Modified,6,0,1,154.231,149.012,1.035,0.35454,0.0326,0.103,0.8628,1.712,3.686,15.8928,14,1,30.8024,1,nan,nan,17148
blocked_road,Adaptive,6,0,1,210.386,149.012,1.4119,0.3863,0.0876,0.1386,2.8035,1.742,4.007,29.169,29,1,48.4981,1,nan,nan,22842
blocked_road,Bezier,6,0,1,155.52,149.012,1.0437,0.1837,0.0353,0.0999,0.9075,1.606,3.552,15.5313,13,1,31.5936,1,nan,nan,10716
blocked_road,APF,7,0,0,47.6,147.841,0.322,0.01423,0.0734,0.3244,2.0542,1.788,2.831,15.4419,14,1,14.7764,0,nan,nan,207
blocked_road,RRT*,7,0,1,158.841,147.841,1.0744,0.22347,0.1222,0.0604,1.2021,1.602,3.834,9.5983,9,1,31.3372,0,nan,nan,14060
blocked_road,RRT*+Bezier,7,0,1,157.32,147.841,1.0641,0.24291,0.067,0.0535,1.3556,1.602,4.019,8.4224,7,1,28.916,0,nan,nan,14248
blocked_road,Hybrid,7,0,1,164.107,147.841,1.11,0.57129,0.0941,0.1603,4.7778,1.788,3.009,26.3059,23,1,40.9806,1,nan,nan,26536
blocked_road,Modified,7,0,1,156.468,147.841,1.0584,0.42442,0.0336,0.0993,3.6358,1.784,2.888,15.5322,10,1,32.3924,1,nan,nan,22180
blocked_road,Adaptive,7,0,1,163.745,147.841,1.1076,0.51996,0.096,0.162,4.0784,1.788,3.042,26.5292,26,1,41.3165,1,nan,nan,28834
blocked_road,Bezier,7,0,1,161.944,147.841,1.0954,0.30962,0.0436,0.1236,5.5652,1.788,2.881,20.0117,14,1,38.5019,1,nan,nan,16652
blocked_road,APF,8,0,0,2800.0,148.255,18.8864,0.45273,0.7631,3.4238,9.9605,1.742,2.313,9586.656,3918,1,2099.9452,0,nan,nan,12000
blocked_road,RRT*,8,0,1,156.022,148.255,1.0524,0.31268,0.1086,0.0569,1.201,2.264,3.791,8.8735,6,1,30.5621,0,nan,nan,17356
blocked_road,RRT*+Bezier,8,0,1,153.251,148.255,1.0337,0.32892,0.0577,0.0497,1.0919,2.264,3.635,7.613,3,1,28.039,0,nan,nan,17499
blocked_road,Hybrid,8,0,1,235.163,148.255,1.5862,0.90792,0.2191,0.5503,4.997,1.742,2.81,129.4209,97,1,73.0609,1,nan,57,33923
blocked_road,Modified,8,0,1,223.421,148.255,1.507,0.97102,0.0521,0.2243,3.8601,1.561,2.762,50.12,34,1,55.7919,1,nan,55,28854
blocked_road,Adaptive,8,0,1,232.316,148.255,1.567,0.67895,0.2136,0.5401,4.4172,1.692,2.762,125.4791,95,1,72.6501,1,nan,55,22456
blocked_road,Bezier,8,0,1,217.335,148.255,1.466,1.17769,0.0596,0.2634,4.793,1.742,2.722,57.2564,35,1,57.8501,1,nan,57,43604
blocked_road,APF,9,0,0,2800.0,148.426,18.8646,0.42555,0.9032,4.0527,10.2962,1.78,2.304,11347.6371,3917,1,1799.8395,0,nan,nan,12000
blocked_road,RRT*,9,0,1,155.028,148.426,1.0445,0.18432,0.1319,0.0668,1.9563,1.652,4.682,10.3571,10,1,31.8959,0,nan,nan,11698
blocked_road,RRT*+Bezier,9,0,1,151.132,148.426,1.0182,0.18697,0.0701,0.0612,1.0336,1.652,5.553,9.2464,7,1,30.0813,0,nan,nan,11848
blocked_road,Hybrid,9,0,1,225.752,148.426,1.521,0.52996,0.2107,0.5483,12.5515,1.621,3.189,123.78,87,1,75.5475,1,nan,78,23528
blocked_road,Modified,9,0,1,199.103,148.426,1.3414,0.3066,0.043,0.2255,2.7024,1.779,3.005,44.8921,26,1,49.7203,1,nan,76,11966
blocked_road,Adaptive,9,0,1,213.556,148.426,1.4388,0.18921,0.1932,0.5202,9.4741,1.579,3.237,111.1002,77,1,66.6556,1,nan,76,9889
blocked_road,Bezier,9,0,1,206.576,148.426,1.3918,0.19109,0.0472,0.2284,2.7612,1.779,2.993,47.1861,29,1,54.5429,1,nan,78,7342
blocked_road,APF,10,0,0,43.4,149.598,0.2901,0.0206,0.0674,0.2976,0.7293,1.515,2.696,12.9159,14,1,11.065,0,nan,nan,188
blocked_road,RRT*,10,0,1,148.292,149.598,0.9913,0.969,0.0801,0.0424,1.1231,2.158,4.446,6.2942,6,1,26.3909,0,nan,nan,22944
blocked_road,RRT*+Bezier,10,0,1,148.292,149.598,0.9913,0.7924,0.0801,0.0424,1.1231,2.158,4.446,6.2942,6,1,26.3909,0,nan,nan,22979
blocked_road,Hybrid,10,0,1,168.355,149.598,1.1254,0.46624,0.076,0.1419,2.3884,1.515,4.127,23.8883,23,1,38.6768,1,nan,nan,20469
blocked_road,Modified,10,0,1,190.923,149.598,1.2762,0.35807,0.0371,0.0978,4.0874,1.515,3.735,18.6641,13,1,39.858,1,nan,nan,9081
blocked_road,Adaptive,10,0,1,162.967,149.598,1.0894,0.09932,0.0697,0.1276,1.8914,1.515,4.072,20.8006,21,1,35.6074,1,nan,nan,6170
blocked_road,Bezier,10,0,1,182.681,149.598,1.2211,0.14465,0.0374,0.1022,3.8149,1.515,3.628,18.6779,12,1,39.0662,1,nan,nan,7144
blocked_road,APF,11,0,0,98.0,149.012,0.6577,0.02092,0.1902,0.8475,1.9916,1.742,2.565,83.0583,63,1,37.8739,0,nan,nan,422
blocked_road,RRT*,11,0,1,148.382,149.012,0.9958,0.33915,0.0917,0.0524,0.7676,1.841,3.884,7.7789,8,1,28.5102,0,nan,nan,17426
blocked_road,RRT*+Bezier,11,0,1,148.382,149.012,0.9958,0.40807,0.0917,0.0524,0.7676,1.841,3.884,7.7789,8,1,28.5102,0,nan,nan,17459
blocked_road,Hybrid,11,0,1,206.943,149.012,1.3888,0.25873,0.1864,0.4498,1.9576,1.566,2.731,93.0882,73,1,63.0461,1,nan,54,13360
blocked_road,Modified,11,0,1,195.093,149.012,1.3092,0.50409,0.0581,0.2499,1.334,1.742,2.627,48.7561,36,1,50.5863,1,nan,54,23913
blocked_road,Adaptive,11,0,1,205.294,149.012,1.3777,0.61433,0.185,0.4501,2.0648,1.742,2.771,92.4025,74,1,64.2775,1,nan,54,27667
blocked_road,Bezier,11,0,1,247.099,149.012,1.6582,0.87285,0.0535,0.2123,1.3206,1.742,2.971,52.4656,37,1,57.3033,1,nan,54,36877
blocked_road,APF,12,0,0,46.2,148.426,0.3113,0.02108,0.0821,0.3631,1.3403,1.768,2.709,16.7748,18,1,13.7936,0,nan,nan,201
blocked_road,RRT*,12,0,1,154.179,148.426,1.0388,0.62973,0.0995,0.0548,1.4341,2.508,3.93,8.4424,8,1,29.1255,0,nan,nan,29402
blocked_road,RRT*+Bezier,12,0,1,153.814,148.426,1.0363,0.9938,0.056,0.0481,1.5991,2.508,3.801,7.3914,6,1,27.2914,0,nan,nan,29582
blocked_road,Hybrid,12,0,1,160.534,148.426,1.0816,0.53224,0.1009,0.1679,2.4435,1.735,2.964,26.9564,27,1,39.4175,1,nan,nan,15057
blocked_road,Modified,12,0,1,189.031,148.426,1.2736,4.51243,0.0276,0.0739,1.1063,1.768,2.996,13.9755,10,1,37.0827,1,nan,nan,126017
blocked_road,Adaptive,12,0,1,154.285,148.426,1.0395,0.41057,0.0878,0.1484,1.354,1.68,2.933,22.8927,26,1,35.0884,1,nan,nan,22125
blocked_road,Bezier,12,0,1,189.906,148.426,1.2795,0.76859,0.0337,0.092,3.9532,1.599,3.116,17.474,11,1,37.1414,1,nan,nan,29540
blocked_road,APF,13,0,0,5.6,147.841,0.0379,0.00796,0.059,0.2318,0.4085,2.35,3.465,1.2981,2,1,1.2904,0,nan,nan,27
blocked_road,RRT*,13,0,1,153.824,147.841,1.0405,0.39588,0.1361,0.0695,1.2451,1.979,3.528,10.6897,9,1,31.3607,0,nan,nan,20354
blocked_road,RRT*+Bezier,13,0,1,153.824,147.841,1.0405,0.58841,0.1361,0.0695,1.2451,1.979,3.528,10.6897,9,1,31.3607,0,nan,nan,20412
blocked_road,Hybrid,13,0,1,163.36,147.841,1.105,1.50211,0.0976,0.0638,1.295,1.633,3.711,10.4234,9,1,31.311,1,nan,nan,46965
blocked_road,Modified,13,0,1,152.132,147.841,1.029,0.32054,0.0615,0.0559,1.037,2.035,3.469,8.5026,6,1,28.5994,1,nan,nan,9820
blocked_road,Adaptive,13,0,1,161.734,147.841,1.094,1.39655,0.0738,0.0501,0.7947,1.599,3.44,8.1108,9,1,29.2526,1,nan,nan,37840
blocked_road,Bezier,13,0,1,159.543,147.841,1.0792,0.74868,0.0513,0.0485,1.3793,1.85,3.757,7.7352,7,1,27.4732,1,nan,nan,19775
blocked_road,APF,14,0,0,2800.0,149.012,18.7904,0.45695,0.8463,3.7971,10.0067,1.794,2.322,10631.8464,3922,1,1871.573,0,nan,nan,12000
blocked_road,RRT*,14,0,1,156.884,149.012,1.0528,0.71153,0.0944,0.053,0.8938,1.655,4.102,8.3073,10,1,31.0443,0,nan,nan,20991
blocked_road,RRT*+Bezier,14,0,1,153.872,149.012,1.0326,0.66124,0.0395,0.0468,0.5734,2.158,3.948,7.1976,6,1,27.1844,0,nan,nan,21312
blocked_road,Hybrid,14,0,1,231.234,149.012,1.5518,1.63692,0.2338,0.5876,9.1581,1.794,2.765,135.8764,95,1,72.2157,1,nan,89,52890
blocked_road,Modified,14,0,1,208.445,149.012,1.3988,0.28777,0.0596,0.3045,6.5914,1.794,2.76,63.4705,35,1,56.6042,1,nan,86,10560
blocked_road,Adaptive,14,0,1,230.716,149.012,1.5483,0.18484,0.2373,0.6108,9.8296,1.794,2.822,140.9126,98,1,79.6926,1,nan,86,6832
blocked_road,Bezier,14,0,1,211.864,149.012,1.4218,0.41238,0.0573,0.2949,8.3829,1.794,2.725,62.479,33,1,54.0742,1,nan,89,13599
blocked_road,APF,15,0,0,2800.0,147.841,18.9393,0.72778,0.8717,3.911,9.9704,1.759,2.295,10950.9279,3918,1,1829.5052,0,nan,nan,12000
blocked_road,RRT*,15,0,1,154.212,147.841,1.0431,0.34801,0.1213,0.0593,0.8545,2.108,4.504,9.148,10,1,31.833,0,nan,nan,13488
blocked_road,RRT*+Bezier,15,0,1,152.831,147.841,1.0338,0.32043,0.0643,0.0515,0.8316,1.831,4.255,7.8749,9,1,29.224,0,nan,nan,13667
blocked_road,Hybrid,15,0,1,210.971,147.841,1.427,0.13515,0.2046,0.5667,7.6522,1.759,3.154,119.5533,84,1,68.2267,1,nan,82,7767
blocked_road,Modified,15,0,1,196.138,147.841,1.3267,0.6498,0.0486,0.2298,8.1737,1.759,2.992,45.079,28,1,52.7175,1,nan,80,20606
blocked_road,Adaptive,15,0,1,212.876,147.841,1.4399,0.13758,0.1997,0.5365,8.792,1.759,3.184,114.198,80,1,64.044,1,nan,80,4844
blocked_road,Bezier,15,0,1,199.197,147.841,1.3474,0.36913,0.0518,0.2426,5.427,1.557,2.973,48.3303,26,1,52.0497,1,nan,82,13983
blocked_road,APF,16,0,0,13.3,147.841,0.09,0.00846,0.0143,0.0607,0.3974,1.88,3.333,0.8069,1,0,2.5633,0,nan,nan,60
blocked_road,RRT*,16,0,1,148.414,147.841,1.0039,2.5905,0.1161,0.0639,1.2508,2.031,3.965,9.4871,7,1,29.9617,0,nan,nan,108227
blocked_road,RRT*+Bezier,16,0,1,148.414,147.841,1.0039,2.29132,0.1161,0.0639,1.2508,2.031,3.965,9.4871,7,1,29.9617,0,nan,nan,108251
blocked_road,Hybrid,16,0,1,177.163,147.841,1.1983,0.40169,0.1023,0.0834,4.3581,1.88,3.771,14.7815,12,1,37.8556,1,nan,nan,23595
blocked_road,Modified,16,0,1,173.987,147.841,1.1769,0.27529,0.0749,0.0811,3.6175,1.82,3.263,14.116,11,1,37.1726,1,nan,nan,13291
blocked_road,Adaptive,16,0,1,155.802,147.841,1.0539,4.55632,0.0907,0.0842,2.0281,1.88,3.468,13.1144,10,1,33.9956,1,nan,nan,212959
blocked_road,Bezier,16,0,1,159.566,147.841,1.0793,1.18418,0.0494,0.071,2.2586,1.88,3.519,11.3242,9,1,31.774,1,nan,nan,55411
blocked_road,APF,17,0,0,107.8,149.012,0.7234,0.02256,0.2224,0.9916,7.6952,1.794,2.737,106.8934,78,1,42.3182,0,nan,nan,465
blocked_road,RRT*,17,0,1,155.801,149.012,1.0456,1.00923,0.0883,0.0463,1.0389,1.65,3.703,7.2154,6,1,29.1888,0,nan,nan,52143
blocked_road,RRT*+Bezier,17,0,1,155.801,149.012,1.0456,1.02409,0.0883,0.0463,1.0389,1.65,3.703,7.2154,6,1,29.1888,0,nan,nan,52227
blocked_road,Hybrid,17,0,1,213.409,149.012,1.4322,0.29946,0.2122,0.5342,5.4123,1.794,2.806,114.0121,84,1,67.9769,1,nan,77,16169
blocked_road,Modified,17,0,1,202.836,149.012,1.3612,0.66628,0.0434,0.1976,1.7065,1.794,2.815,40.071,31,1,54.0067,1,nan,77,30932
blocked_road,Adaptive,17,0,1,218.5,149.012,1.4663,0.38322,0.213,0.5298,7.4973,1.794,2.87,115.7615,88,1,71.4851,1,nan,77,13457
blocked_road,Bezier,17,0,1,200.684,149.012,1.3468,0.56034,0.0437,0.2034,1.4282,1.643,2.82,40.81,27,1,53.8431,1,nan,77,28269
blocked_road,APF,18,0,0,42.7,147.841,0.2888,0.01427,0.0675,0.2979,0.7213,1.635,2.738,12.722,13,1,12.172,0,nan,nan,185
blocked_road,RRT*,18,0,1,160.054,147.841,1.0826,0.22661,0.0941,0.0462,1.2264,1.91,4.124,7.3931,6,1,29.1252,0,nan,nan,12272
blocked_road,RRT*+Bezier,18,0,1,160.054,147.841,1.0826,0.23273,0.0941,0.0462,1.2264,1.91,4.124,7.3931,6,1,29.1252,0,nan,nan,12322
blocked_road,Hybrid,18,0,1,193.252,147.841,1.3072,0.25525,0.084,0.1174,4.8297,1.635,3.054,22.6936,19,1,39.8657,1,nan,nan,14471
blocked_road,Modified,18,0,1,161.532,147.841,1.0926,0.50889,0.0268,0.0726,0.8096,1.779,2.95,11.7231,7,1,31.6131,1,nan,nan,19370
blocked_road,Adaptive,18,0,1,195.248,147.841,1.3207,0.5063,0.1021,0.1429,2.5997,1.635,3.01,27.9076,27,1,48.2505,1,nan,nan,19155
blocked_road,Bezier,18,0,1,161.167,147.841,1.0901,1.5988,0.0422,0.1151,3.0926,1.635,2.979,18.5529,14,1,33.8126,1,nan,nan,66840
blocked_road,APF,19,0,1,174.3,147.841,1.179,0.02674,0.1879,0.8397,2.839,1.742,4.209,146.3581,90,1,57.7065,0,nan,nan,747
blocked_road,RRT*,19,0,1,153.518,147.841,1.0384,0.5197,0.0925,0.0492,1.4541,1.982,4.618,7.5555,6,1,27.9861,0,nan,nan,25969
blocked_road,RRT*+Bezier,19,0,1,152.663,147.841,1.0326,0.48528,0.034,0.0413,1.4279,2.379,5.471,6.3077,4,1,25.5246,0,nan,nan,26222
blocked_road,Hybrid,19,0,1,174.3,147.841,1.179,0.02956,0.1879,0.8397,2.839,1.742,4.209,146.3581,90,1,57.7065,0,nan,nan,747
blocked_road,Modified,19,0,1,155.184,147.841,1.0497,0.09005,0.0437,0.3421,2.8726,1.742,3.633,53.0939,26,1,38.8618,0,nan,nan,1517
blocked_road,Adaptive,19,0,1,174.3,147.841,1.179,0.0443,0.1879,0.8397,2.839,1.742,4.209,146.3581,90,1,57.7065,0,nan,nan,747
blocked_road,Bezier,19,0,1,155.184,147.841,1.0497,0.07497,0.0437,0.3421,2.8726,1.742,3.633,53.0939,26,1,38.8618,0,nan,nan,1517
dense_city,APF,0,0,0,15.4,150.184,0.1025,0.01033,0.0115,0.0494,0.548,1.517,2.153,0.7606,1,1,2.8507,0,nan,nan,69
dense_city,RRT*,0,0,1,161.499,150.184,1.0753,0.21255,0.0853,0.0448,1.1185,1.894,3.552,7.2332,4,1,29.1627,0,nan,nan,12158
dense_city,RRT*+Bezier,0,0,1,161.499,150.184,1.0753,0.2162,0.0853,0.0448,1.1185,1.894,3.552,7.2332,4,1,29.1627,0,nan,nan,12193
dense_city,Hybrid,0,0,1,155.295,150.184,1.034,0.34502,0.0638,0.0619,1.3445,1.517,2.776,9.6195,6,1,30.387,1,nan,nan,17518
dense_city,Modified,0,0,1,154.706,150.184,1.0301,0.29707,0.0524,0.065,1.2603,1.517,2.886,10.0511,8,1,31.0414,1,nan,nan,13526
dense_city,Adaptive,0,0,1,163.808,150.184,1.0907,0.43462,0.0696,0.0627,1.4168,1.517,2.791,10.2708,9,1,32.3903,1,nan,nan,17862
dense_city,Bezier,0,0,1,154.722,150.184,1.0302,0.19372,0.061,0.0719,1.1827,1.517,2.913,11.1227,9,1,32.7242,1,nan,nan,9497
dense_city,APF,1,0,0,15.4,150.184,0.1025,0.0122,0.0115,0.0494,0.548,1.517,2.153,0.7606,1,1,2.8507,0,nan,nan,69
dense_city,RRT*,1,0,1,191.844,150.184,1.2774,0.8284,0.1625,0.0878,1.4667,1.585,2.925,16.8428,18,1,44.4161,0,nan,nan,37355
dense_city,RRT*+Bezier,1,0,1,191.844,150.184,1.2774,0.86432,0.1625,0.0878,1.4667,1.585,2.925,16.8428,18,1,44.4161,0,nan,nan,37412
dense_city,Hybrid,1,0,1,157.529,150.184,1.0489,1.11814,0.0661,0.0619,1.1906,1.514,2.474,9.756,9,1,30.9528,1,nan,nan,47818
dense_city,Modified,1,0,1,160.372,150.184,1.0678,0.15321,0.0548,0.0665,1.5397,1.515,2.619,10.6669,7,1,32.5356,1,nan,nan,7798
dense_city,Adaptive,1,0,1,159.53,150.184,1.0622,0.40947,0.0801,0.0757,1.3668,1.517,2.542,12.0775,12,1,33.996,1,nan,nan,21640
dense_city,Bezier,1,0,1,160.028,150.184,1.0656,1.45852,0.0453,0.0561,1.181,1.517,2.632,8.9755,6,1,30.3089,1,nan,nan,59950
dense_city,APF,2,0,0,2.8,149.012,0.0188,0.00937,0.0003,0.001,0.0022,2.259,3.61,0.0028,0,0,0.3373,0,nan,nan,15
dense_city,RRT*,2,0,1,159.697,149.012,1.0717,1.30251,0.1347,0.0769,1.2006,1.629,3.003,12.2732,12,1,34.5985,0,nan,nan,56327
dense_city,RRT*+Bezier,2,0,1,159.697,149.012,1.0717,1.28341,0.1347,0.0769,1.2006,1.629,3.003,12.2732,12,1,34.5985,0,nan,nan,56409
dense_city,Hybrid,2,0,1,161.767,149.012,1.0856,1.91044,0.1462,0.0966,1.3326,1.527,3.294,15.6193,14,1,38.0695,1,nan,nan,79258
dense_city,Modified,2,0,1,161.546,149.012,1.0841,2.18987,0.0957,0.0596,1.2245,1.9,3.312,9.6252,8,1,31.0347,1,nan,nan,80850
dense_city,Adaptive,2,0,1,155.225,149.012,1.0417,3.61615,0.1377,0.0864,1.4409,1.516,3.201,13.4058,13,1,34.8956,1,nan,nan,144695
dense_city,Bezier,2,0,1,155.242,149.012,1.0418,3.73626,0.0582,0.0542,0.8293,1.691,3.135,8.4172,7,1,29.873,1,nan,nan,143736
dense_city,APF,3,0,0,15.4,154.87,0.0994,0.01218,0.0115,0.0494,0.548,1.517,2.153,0.7606,1,1,2.8507,0,nan,nan,69
dense_city,RRT*,3,0,1,158.572,154.87,1.0239,0.65755,0.0987,0.0528,0.7299,2.062,3.06,8.3728,8,1,30.4184,0,nan,nan,31776
dense_city,RRT*+Bezier,3,0,1,157.213,154.87,1.0151,0.67143,0.057,0.0478,0.7864,2.039,3.128,7.5185,6,1,28.3226,0,nan,nan,31957
dense_city,Hybrid,3,0,1,184.935,154.87,1.1941,0.25888,0.1036,0.0897,5.2834,1.517,2.53,16.5977,17,1,41.8114,1,nan,nan,12643
dense_city,Modified,3,0,1,188.485,154.87,1.2171,1.50595,0.0683,0.0763,3.7309,1.517,2.738,14.3745,11,1,38.7781,1,nan,nan,61671
dense_city,Adaptive,3,0,1,193.134,154.87,1.2471,0.61673,0.0836,0.0694,3.5335,1.517,2.737,13.3969,11,1,38.769,1,nan,nan,24388
dense_city,Bezier,3,0,1,189.114,154.87,1.2211,0.47201,0.073,0.08,3.9023,1.517,2.718,15.1297,10,1,39.9075,1,nan,nan,17717
dense_city,APF,4,0,0,41.3,145.497,0.2839,0.02214,0.0832,0.367,0.8724,1.656,2.413,15.1581,17,1,16.1373,0,nan,nan,180
dense_city,RRT*,4,0,1,160.185,145.497,1.1009,0.85659,0.1287,0.0707,1.6979,1.608,2.756,11.3218,10,1,33.187,0,nan,nan,35162
dense_city,RRT*+Bezier,4,0,1,160.185,145.497,1.1009,0.84014,0.1287,0.0707,1.6979,1.608,2.756,11.3218,10,1,33.187,0,nan,nan,35210
dense_city,Hybrid,4,0,1,170.572,145.497,1.1723,0.89262,0.0991,0.1497,3.9028,1.656,2.611,25.5332,23,1,42.6234,1,nan,nan,35574
dense_city,Modified,4,0,1,163.573,145.497,1.1242,1.28705,0.0545,0.1434,3.5147,1.656,2.54,23.4589,17,1,42.77,1,nan,nan,53257
dense_city,Adaptive,4,0,1,166.459,145.497,1.1441,1.89414,0.1275,0.2021,3.4189,1.656,2.578,33.6362,32,1,50.6578,1,nan,nan,77717
dense_city,Bezier,4,0,1,172.492,145.497,1.1855,0.45756,0.0415,0.1172,3.8552,1.656,2.658,20.2134,15,1,39.9403,1,nan,nan,20580
dense_city,APF,5,0,0,15.4,148.426,0.1038,0.01145,0.0115,0.0494,0.548,1.517,2.153,0.7606,1,1,2.8507,0,nan,nan,69
dense_city,RRT*,5,0,1,153.733,148.426,1.0358,1.20497,0.1214,0.067,1.7265,1.675,3.006,10.2966,9,1,31.3736,0,nan,nan,50810
dense_city,RRT*+Bezier,5,0,1,153.733,148.426,1.0358,1.254,0.1214,0.067,1.7265,1.675,3.006,10.2966,9,1,31.3736,0,nan,nan,50860
dense_city,Hybrid,5,0,1,155.358,148.426,1.0467,0.46594,0.078,0.0694,1.3987,1.517,2.585,10.7853,10,1,32.4799,1,nan,nan,24732
dense_city,Modified,5,0,1,157.169,148.426,1.0589,1.72146,0.0633,0.0759,1.4659,1.517,2.672,11.9297,9,1,33.0386,1,nan,nan,69781
dense_city,Adaptive,5,0,1,155.868,148.426,1.0501,0.21316,0.0875,0.0794,1.9145,1.517,2.574,12.3697,10,1,33.2867,1,nan,nan,11112
dense_city,Bezier,5,0,1,155.142,148.426,1.0452,3.44798,0.0663,0.0819,1.0853,1.517,2.605,12.7117,14,1,35.0653,1,nan,nan,129933
dense_city,APF,6,0,0,15.4,150.184,0.1025,0.01117,0.0115,0.0494,0.548,1.517,2.153,0.7606,1,1,2.8507,0,nan,nan,69
dense_city,RRT*,6,0,1,158.083,150.184,1.0526,0.54274,0.1317,0.0707,1.2621,1.693,2.852,11.1722,9,1,33.2586,0,nan,nan,22773
dense_city,RRT*+Bezier,6,0,1,158.083,150.184,1.0526,0.52161,0.1317,0.0707,1.2621,1.693,2.852,11.1722,9,1,33.2586,0,nan,nan,22840
dense_city,Hybrid,6,0,1,153.731,150.184,1.0236,14.67546,0.0621,0.0583,1.3482,1.517,2.47,8.9699,8,1,28.9192,1,nan,nan,504330
dense_city,Modified,6,0,1,157.56,150.184,1.0491,3.05581,0.0577,0.0713,1.3759,1.517,2.683,11.2397,8,1,33.485,1,nan,nan,70731
dense_city,Adaptive,6,0,1,156.446,150.184,1.0417,2.58799,0.0801,0.0789,1.7081,1.517,2.625,12.3366,10,1,33.735,1,nan,nan,60447
dense_city,Bezier,6,0,1,155.126,150.184,1.0329,2.57514,0.0507,0.0605,1.5711,1.517,2.551,9.3914,7,1,29.9367,1,nan,nan,65866
dense_city,APF,7,0,0,51.1,147.255,0.347,0.01754,0.13,0.5753,1.2343,1.573,2.345,29.3979,26,1,21.5309,0,nan,nan,221
dense_city,RRT*,7,0,1,161.019,147.255,1.0935,0.49819,0.1095,0.0556,1.3319,1.69,3.131,8.9458,6,1,30.421,0,nan,nan,22807
dense_city,RRT*+Bezier,7,0,1,160.487,147.255,1.0899,0.50339,0.0636,0.051,1.3718,1.69,2.976,8.1915,5,1,28.8203,0,nan,nan,22987
dense_city,Hybrid,7,0,1,190.796,147.255,1.2957,0.81194,0.1373,0.2193,5.2077,1.573,2.47,41.85,36,1,53.0596,1,nan,nan,34354
dense_city,Modified,7,0,1,193.007,147.255,1.3107,0.28926,0.0539,0.1624,4.2612,1.573,2.523,31.3388,18,1,43.5794,1,nan,nan,12372
dense_city,Adaptive,7,0,1,187.856,147.255,1.2757,2.99279,0.1411,0.2312,4.9032,1.573,2.481,43.4266,38,1,54.0992,1,nan,nan,111382
dense_city,Bezier,7,0,1,186.962,147.255,1.2697,1.55525,0.0662,0.187,4.141,1.573,2.491,34.9618,27,1,48.8795,1,nan,nan,54241
dense_city,APF,8,0,0,15.4,146.669,0.105,0.01377,0.0115,0.0494,0.548,1.517,2.153,0.7606,1,1,2.8507,0,nan,nan,69
dense_city,RRT*,8,0,1,153.875,146.669,1.0491,0.6751,0.1154,0.0542,1.0991,2.246,3.651,8.3406,8,1,28.4799,0,nan,nan,27836
dense_city,RRT*+Bezier,8,0,1,153.875,146.669,1.0491,0.62139,0.1154,0.0542,1.0991,2.246,3.651,8.3406,8,1,28.4799,0,nan,nan,27877
dense_city,Hybrid,8,0,1,159.713,146.669,1.0889,0.91621,0.0547,0.0495,0.7743,1.517,2.877,7.8987,8,1,29.885,1,nan,nan,39705
dense_city,Modified,8,0,1,153.645,146.669,1.0476,0.24092,0.0729,0.0924,2.3084,1.517,2.726,14.2006,11,1,35.1599,1,nan,nan,9031
dense_city,Adaptive,8,0,1,157.419,146.669,1.0733,0.73328,0.0795,0.0745,1.1045,1.517,2.73,11.7323,12,1,33.814,1,nan,nan,26173
dense_city,Bezier,8,0,1,155.329,146.669,1.059,0.21712,0.0568,0.0712,0.9421,1.517,2.796,11.058,11,1,33.4772,1,nan,nan,8115
dense_city,APF,9,0,0,15.4,145.497,0.1058,0.01415,0.0115,0.0494,0.548,1.517,2.153,0.7606,1,1,2.8507,0,nan,nan,69
dense_city,RRT*,9,0,1,148.212,145.497,1.0187,3.64521,0.1406,0.0834,1.0328,1.796,2.95,12.3681,12,1,33.538,0,nan,nan,125433
dense_city,RRT*+Bezier,9,0,1,148.212,145.497,1.0187,4.14923,0.1406,0.0834,1.0328,1.796,2.95,12.3681,12,1,33.538,0,nan,nan,125480
dense_city,Hybrid,9,0,1,158.222,145.497,1.0875,1.52858,0.0874,0.0816,1.5041,1.517,2.657,12.9105,11,1,34.1542,1,nan,nan,38793
dense_city,Modified,9,0,1,169.192,145.497,1.1629,2.07291,0.0376,0.0558,2.2613,1.517,2.772,9.4479,7,1,31.1913,1,nan,nan,50665
dense_city,Adaptive,9,0,1,154.175,145.497,1.0596,1.38258,0.0893,0.0855,1.6612,1.517,2.645,13.185,12,1,34.671,1,nan,nan,29801
dense_city,Bezier,9,0,1,156.679,145.497,1.0768,1.51636,0.0477,0.0603,1.1989,1.517,2.602,9.4504,7,1,30.8606,1,nan,nan,29049
dense_city,APF,10,0,0,15.4,147.255,0.1046,0.01487,0.0115,0.0494,0.548,1.517,2.153,0.7606,1,1,2.8507,0,nan,nan,69
dense_city,RRT*,10,0,1,156.043,147.255,1.0597,1.22447,0.1386,0.0725,0.8494,1.79,3.011,11.3191,14,1,33.5822,0,nan,nan,42636
dense_city,RRT*+Bezier,10,0,1,156.043,147.255,1.0597,1.24521,0.1386,0.0725,0.8494,1.79,3.011,11.3191,14,1,33.5822,0,nan,nan,42692
dense_city,Hybrid,10,0,1,155.566,147.255,1.0564,0.63167,0.0726,0.0675,1.3248,1.517,2.573,10.494,7,1,31.0784,1,nan,nan,24418
dense_city,Modified,10,0,1,151.662,147.255,1.0299,0.52123,0.066,0.082,1.3418,1.517,2.629,12.4367,11,1,33.6845,1,nan,nan,19094
dense_city,Adaptive,10,0,1,150.906,147.255,1.0248,0.40319,0.0971,0.095,1.2814,1.517,2.531,14.3375,13,1,35.8735,1,nan,nan,12442
dense_city,Bezier,10,0,1,156.742,147.255,1.0644,1.0231,0.0647,0.0778,1.4163,1.517,2.644,12.1895,10,1,33.7749,1,nan,nan,24081
dense_city,APF,11,0,0,2.8,150.184,0.0186,0.01331,0.1309,0.4407,0.3972,2.306,2.61,1.234,2,0,0.931,0,nan,nan,14
dense_city,RRT*,11,0,1,152.529,150.184,1.0156,12.88632,0.1212,0.0674,1.344,2.132,2.967,10.2815,11,1,31.5392,0,nan,nan,306542
dense_city,RRT*+Bezier,11,0,1,152.529,150.184,1.0156,10.12851,0.1212,0.0674,1.344,2.132,2.967,10.2815,11,1,31.5392,0,nan,nan,306590
dense_city,Hybrid,11,0,1,155.639,150.184,1.0363,11.23508,0.1445,0.0904,1.5058,1.775,2.878,14.0692,14,1,34.6958,1,nan,nan,332174
dense_city,Modified,11,0,1,158.64,150.184,1.0563,3.7554,0.1207,0.0741,0.9523,1.597,2.754,11.7554,13,1,33.1954,1,nan,nan,129630
dense_city,Adaptive,11,0,1,150.098,150.184,0.9994,20.94414,0.1459,0.0916,1.2069,1.637,2.782,13.7481,14,1,33.9273,1,nan,nan,973850
dense_city,Bezier,11,0,1,150.741,150.184,1.0037,32.73656,0.1464,0.0885,1.038,1.599,2.739,13.3378,15,1,33.8131,1,nan,nan,1629356
dense_city,APF,12,0,0,15.4,151.841,0.1014,0.0234,0.0115,0.0494,0.548,1.517,2.153,0.7606,1,1,2.8507,0,nan,nan,69
dense_city,RRT*,12,0,1,158.681,151.841,1.045,3.00409,0.1079,0.0555,1.2828,1.604,3.262,8.8138,8,1,30.3278,0,nan,nan,70461
dense_city,RRT*+Bezier,12,0,1,158.681,151.841,1.045,2.97656,0.1079,0.0555,1.2828,1.604,3.262,8.8138,8,1,30.3278,0,nan,nan,70492
dense_city,Hybrid,12,0,1,152.656,151.841,1.0054,4.87399,0.0832,0.0805,1.4514,1.517,2.561,12.2849,13,1,33.6474,1,nan,nan,160313
dense_city,Modified,12,0,1,157.366,151.841,1.0364,0.69731,0.0493,0.0611,1.0867,1.517,2.678,9.6095,11,1,31.518,1,nan,nan,20618
dense_city,Adaptive,12,0,1,161.01,151.841,1.0604,2.20097,0.0823,0.0755,2.254,1.517,2.674,12.1573,10,1,33.7206,1,nan,nan,78953
dense_city,Bezier,12,0,1,161.2,151.841,1.0616,2.13947,0.0531,0.0663,2.1065,1.517,2.718,10.6852,7,1,31.1002,1,nan,nan,72718
dense_city,APF,13,0,0,26.6,148.426,0.1792,0.01634,0.0515,0.2249,0.7743,1.733,2.239,5.9818,7,1,8.2499,0,nan,nan,117
dense_city,RRT*,13,0,1,158.402,148.426,1.0672,0.62867,0.1264,0.0677,1.2707,1.507,3.024,10.7183,9,1,32.5987,0,nan,nan,25758
dense_city,RRT*+Bezier,13,0,1,158.402,148.426,1.0672,0.63094,0.1264,0.0677,1.2707,1.507,3.024,10.7183,9,1,32.5987,0,nan,nan,25782
dense_city,Hybrid,13,0,1,180.76,148.426,1.2178,0.53137,0.0853,0.0964,3.4567,1.733,2.58,17.4235,14,1,39.6644,1,nan,nan,21187
dense_city,Modified,13,0,1,205.959,148.426,1.3876,1.54165,0.0623,0.1121,3.4837,1.73,2.49,23.0982,19,1,49.6507,1,nan,nan,54727
dense_city,Adaptive,13,0,1,182.401,148.426,1.2289,2.39461,0.09,0.1007,3.6178,1.733,2.623,18.372,16,1,40.7542,1,nan,nan,79701
dense_city,Bezier,13,0,1,180.603,148.426,1.2168,0.78292,0.0488,0.0942,3.521,1.73,2.571,17.0104,10,1,38.6683,1,nan,nan,30532
dense_city,APF,14,0,0,4.9,145.497,0.0337,0.01244,0.0404,0.1552,0.6588,1.847,3.0,0.7606,1,1,1.5672,0,nan,nan,24
dense_city,RRT*,14,0,1,158.194,145.497,1.0873,0.42249,0.1218,0.0605,1.2063,1.853,3.075,9.5674,8,1,30.998,0,nan,nan,15622
dense_city,RRT*+Bezier,14,0,1,158.194,145.497,1.0873,0.40374,0.1218,0.0605,1.2063,1.853,3.075,9.5674,8,1,30.998,0,nan,nan,15660
dense_city,Hybrid,14,0,1,169.878,145.497,1.1676,0.42871,0.1494,0.0995,3.4324,1.615,2.971,16.8944,10,1,37.5583,1,nan,nan,16434
dense_city,Modified,14,0,1,158.4,145.497,1.0887,0.46185,0.1728,0.1165,3.2472,1.778,2.823,18.4579,17,1,40.5964,1,nan,nan,17556
dense_city,Adaptive,14,0,1,164.636,145.497,1.1315,1.86681,0.1433,0.0984,3.0793,1.847,3.053,16.2042,13,1,37.6859,1,nan,nan,65073
dense_city,Bezier,14,0,1,161.302,145.497,1.1086,0.98026,0.0748,0.0947,4.2016,1.738,2.876,15.2692,12,1,35.2695,1,nan,nan,26239
dense_city,APF,15,0,0,15.4,147.255,0.1046,0.01412,0.0115,0.0494,0.548,1.517,2.153,0.7606,1,1,2.8507,0,nan,nan,69
dense_city,RRT*,15,0,1,149.255,147.255,1.0136,1.56552,0.1446,0.0852,0.9938,1.945,3.001,12.716,12,1,34.1742,0,nan,nan,63087
dense_city,RRT*+Bezier,15,0,1,149.255,147.255,1.0136,1.60005,0.1446,0.0852,0.9938,1.945,3.001,12.716,12,1,34.1742,0,nan,nan,63146
dense_city,Hybrid,15,0,1,147.837,147.255,1.004,3.6078,0.0946,0.0945,1.277,1.517,2.488,13.9663,15,1,34.7496,1,nan,nan,120401
dense_city,Modified,15,0,1,152.747,147.255,1.0373,2.46359,0.0791,0.0992,1.5176,1.517,2.617,15.1553,14,1,36.5167,1,nan,nan,89816
dense_city,Adaptive,15,0,1,170.133,147.255,1.1554,2.87089,0.1045,0.0964,1.2388,1.517,2.523,16.4089,17,1,40.6401,1,nan,nan,88109
dense_city,Bezier,15,0,1,152.173,147.255,1.0334,2.39578,0.0764,0.0994,1.2432,1.517,2.625,15.1274,14,1,36.5903,1,nan,nan,64500
dense_city,APF,16,0,0,25.9,151.841,0.1706,0.01552,0.0564,0.2464,0.8134,1.62,2.344,6.3828,8,1,8.6122,0,nan,nan,114
dense_city,RRT*,16,0,1,159.861,151.841,1.0528,0.39061,0.1239,0.0584,1.3089,1.641,3.101,9.3417,6,1,31.4062,0,nan,nan,16372
dense_city,RRT*+Bezier,16,0,1,159.861,151.841,1.0528,0.38504,0.1239,0.0584,1.3089,1.641,3.101,9.3417,6,1,31.4062,0,nan,nan,16403
dense_city,Hybrid,16,0,1,181.579,151.841,1.1959,4.81497,0.1009,0.1135,3.1263,1.62,2.53,20.6127,16,1,40.9204,1,nan,nan,162447
dense_city,Modified,16,0,1,175.804,151.841,1.1578,1.05176,0.061,0.1004,3.6176,1.62,2.623,17.6435,14,1,39.8258,1,nan,nan,37626
dense_city,Adaptive,16,0,1,188.255,151.841,1.2398,5.89802,0.1001,0.1103,1.3334,1.62,2.638,20.7553,22,1,45.0392,1,nan,nan,183388
dense_city,Bezier,16,0,1,177.398,151.841,1.1683,0.62659,0.065,0.1059,3.1631,1.62,2.612,18.784,17,1,41.8152,1,nan,nan,20327
dense_city,APF,17,0,0,14.0,145.497,0.0962,0.01434,0.0127,0.0543,0.6101,1.517,2.209,0.7606,1,1,2.6754,0,nan,nan,62
dense_city,RRT*,17,0,1,159.404,145.497,1.0956,0.70059,0.1203,0.0687,1.118,1.699,2.801,10.956,10,1,32.9817,0,nan,nan,26490
dense_city,RRT*+Bezier,17,0,1,159.404,145.497,1.0956,0.68374,0.1203,0.0687,1.118,1.699,2.801,10.956,10,1,32.9817,0,nan,nan,26530
dense_city,Hybrid,17,0,1,188.442,145.497,1.2952,1.73601,0.1152,0.1017,1.6076,1.517,2.8,19.1734,17,1,46.0481,1,nan,nan,62649
dense_city,Modified,17,0,1,162.408,145.497,1.1162,0.71003,0.0807,0.0905,1.6956,1.517,2.638,14.6981,10,1,37.0492,1,nan,nan,27327
dense_city,Adaptive,17,0,1,166.074,145.497,1.1414,2.52082,0.0886,0.0754,1.6039,1.517,2.541,12.5244,9,1,35.2271,1,nan,nan,81258
dense_city,Bezier,17,0,1,180.993,145.497,1.244,0.97809,0.059,0.0799,3.2599,1.517,2.656,14.4638,10,1,37.3908,1,nan,nan,27725
dense_city,APF,18,0,0,15.4,145.497,0.1058,0.01594,0.0115,0.0494,0.548,1.517,2.153,0.7606,1,1,2.8507,0,nan,nan,69
dense_city,RRT*,18,0,1,155.886,145.497,1.0714,0.92974,0.1272,0.0718,1.2466,1.618,3.014,11.1869,10,1,32.9269,0,nan,nan,31030
dense_city,RRT*+Bezier,18,0,1,155.886,145.497,1.0714,1.09413,0.1272,0.0718,1.2466,1.618,3.014,11.1869,10,1,32.9269,0,nan,nan,31074
dense_city,Hybrid,18,0,1,151.947,145.497,1.0443,1.56558,0.0754,0.0733,1.4453,1.517,2.532,11.137,8,1,31.4203,1,nan,nan,44603
dense_city,Modified,18,0,1,184.323,145.497,1.2668,0.81213,0.0937,0.1039,3.9843,1.511,2.64,19.1428,17,1,43.6404,1,nan,nan,32284
dense_city,Adaptive,18,0,1,159.952,145.497,1.0993,3.53535,0.0827,0.078,1.6905,1.517,2.578,12.4704,12,1,35.4565,1,nan,nan,122561
dense_city,Bezier,18,0,1,156.271,145.497,1.074,0.79265,0.067,0.0808,1.3384,1.517,2.526,12.6251,12,1,34.7629,1,nan,nan,30391
dense_city,APF,19,0,0,15.4,145.497,0.1058,0.01632,0.0115,0.0494,0.548,1.517,2.153,0.7606,1,1,2.8507,0,nan,nan,69
dense_city,RRT*,19,0,1,153.317,145.497,1.0537,0.84668,0.1274,0.0652,1.2258,1.826,3.195,10.0039,9,1,31.0762,0,nan,nan,28313
dense_city,RRT*+Bezier,19,0,1,153.238,145.497,1.0532,0.77152,0.0724,0.0638,1.2653,1.826,3.308,9.7786,8,1,30.4755,0,nan,nan,28442
dense_city,Hybrid,19,0,1,153.712,145.497,1.0565,0.50455,0.1047,0.1027,2.3455,1.517,2.512,15.7838,14,1,36.2632,1,nan,nan,21259
dense_city,Modified,19,0,1,158.848,145.497,1.0918,0.50903,0.0642,0.0761,1.0805,1.517,2.672,12.0949,10,1,34.5113,1,nan,nan,20948
dense_city,Adaptive,19,0,1,151.464,145.497,1.041,1.12667,0.0916,0.0893,1.3223,1.517,2.452,13.5238,14,1,35.1603,1,nan,nan,46388
dense_city,Bezier,19,0,1,151.395,145.497,1.0405,3.26488,0.0714,0.0904,1.5064,1.511,2.568,13.6826,11,1,34.6004,1,nan,nan,108667
